CustomerID,Age,AnnualIncome_k,SpendingScore,PurchaseFrequency,RecencyDays,AvgOrderValue,TrueSegment,Gender,PreferredCategory,Cluster,Segment,PC1,PC2
CUST00638,21,32.3,69.2,11.0,5.0,42.57,New & Curious,Female,Home & Living,4,New & Curious,-0.518029436726325,-2.0904637569929774
CUST00221,30,45.7,61.3,15.0,37.0,56.42,Steady Regulars,Female,Beauty,1,Steady Regulars,-0.12452148734154934,-0.9480445839001479
CUST00429,62,70.2,19.8,2.0,173.0,91.09,At-Risk / Dormant,Male,Home & Living,0,At-Risk / Dormant,-1.101137893847343,3.473055417532086
CUST00327,21,16.1,38.9,3.0,100.0,43.58,Budget Browsers,Female,Beauty,3,Budget Browsers,-2.3490247020449244,-0.8508635115282386
CUST00073,41,103.2,96.5,26.0,8.0,174.48,High-Value Loyalists,Male,Home & Living,2,High-Value Loyalists,3.7062811219200498,0.32852551446270745
CUST00517,42,66.0,17.8,7.0,173.0,65.15,At-Risk / Dormant,Male,Home & Living,0,At-Risk / Dormant,-1.5594599813460719,2.0899929223648552
CUST00182,43,53.7,51.1,9.0,66.0,47.3,Steady Regulars,Male,Apparel,1,Steady Regulars,-0.5573672883154405,0.32082650629635723
CUST00132,42,102.9,61.6,27.0,1.0,132.04,High-Value Loyalists,Female,Apparel,2,High-Value Loyalists,2.7136909324920437,0.5289216163913345
CUST00232,32,62.2,58.8,16.0,56.0,59.64,Steady Regulars,Male,Apparel,1,Steady Regulars,0.10798472361694036,-0.3878183314469534
CUST00278,30,54.8,57.9,16.0,31.0,72.12,Steady Regulars,Male,Home & Living,1,Steady Regulars,0.2242632357042325,-0.7305381092312178
CUST00608,25,44.5,88.7,10.0,22.0,53.87,New & Curious,Male,Apparel,4,New & Curious,0.07502969729916431,-1.7462022421922105
CUST00282,18,51.4,66.2,19.0,1.0,54.76,Steady Regulars,Female,Home & Living,4,New & Curious,0.276069267633684,-2.0089827910646
CUST00250,34,56.4,54.9,16.0,32.0,62.69,Steady Regulars,Female,Apparel,1,Steady Regulars,0.15508474890613536,-0.49978859589066005
CUST00082,44,97.6,76.0,23.0,1.0,126.22,High-Value Loyalists,Male,Apparel,2,High-Value Loyalists,2.6486980998485365,0.36166043323183616
CUST00616,25,54.8,83.9,6.0,1.0,34.07,New & Curious,Female,Beauty,4,New & Curious,-0.13856280613813735,-1.8150144772504573
CUST00248,34,33.3,61.9,15.0,25.0,49.83,Steady Regulars,Female,Beauty,1,Steady Regulars,-0.2491169681233391,-1.064179624103147
CUST00364,32,30.9,37.0,1.0,91.0,16.44,Budget Browsers,Male,Beauty,3,Budget Browsers,-2.2959471929433337,-0.26167465889730207
CUST00644,31,35.3,79.9,11.0,6.0,16.38,New & Curious,Other,Beauty,4,New & Curious,-0.39143114666468265,-1.835525500695952
CUST00070,37,96.0,74.3,30.0,25.0,155.98,High-Value Loyalists,Male,Beauty,2,High-Value Loyalists,3.017869665968016,0.31913794524060646
CUST00011,38,83.3,79.8,34.0,20.0,131.37,High-Value Loyalists,Male,Electronics,2,High-Value Loyalists,2.9027173321879958,-0.15745120477057856
CUST00342,26,44.0,26.3,4.0,117.0,55.72,Budget Browsers,Female,Electronics,3,Budget Browsers,-1.9534504312383805,0.22828757311431963
CUST00064,33,102.8,86.0,25.0,5.0,142.95,High-Value Loyalists,Male,Home & Living,2,High-Value Loyalists,2.996091410563382,-0.19758224995982468
CUST00465,41,74.0,24.0,3.0,169.0,72.68,At-Risk / Dormant,Female,Electronics,0,At-Risk / Dormant,-1.4357846838475177,2.1201411228330302
CUST00055,49,78.5,81.8,26.0,43.0,133.48,High-Value Loyalists,Male,Electronics,2,High-Value Loyalists,2.4998534636548344,0.6919425669350509
CUST00535,59,69.1,24.7,0.0,165.0,70.79,At-Risk / Dormant,Male,Electronics,0,At-Risk / Dormant,-1.355955934863041,3.026647320065338
CUST00518,48,74.1,22.7,0.0,167.0,82.13,At-Risk / Dormant,Male,Sports,0,At-Risk / Dormant,-1.3851098278682936,2.6166696506977636
CUST00178,32,61.9,51.4,17.0,14.0,79.22,Steady Regulars,Female,Electronics,1,Steady Regulars,0.4917085541610858,-0.5464778729957346
CUST00300,33,25.3,44.4,1.0,94.0,36.04,Budget Browsers,Female,Home & Living,3,Budget Browsers,-2.042868097183608,-0.22816382397726032
CUST00595,18,47.2,72.3,15.0,30.0,69.13,New & Curious,Male,Home & Living,4,New & Curious,0.08116651781944538,-1.7322856160767337
CUST00032,54,84.7,73.0,25.0,30.0,119.97,High-Value Loyalists,Female,Home & Living,2,High-Value Loyalists,2.4067611421998847,0.9825871133845434
CUST00491,56,60.2,8.0,7.0,145.0,83.85,At-Risk / Dormant,Female,Apparel,0,At-Risk / Dormant,-1.2246805289245177,2.8037690668831794
CUST00056,48,83.7,72.0,27.0,13.0,135.36,High-Value Loyalists,Female,Electronics,2,High-Value Loyalists,2.6484727600842852,0.5760748603587416
CUST00175,38,43.7,58.5,17.0,38.0,88.1,Steady Regulars,Male,Electronics,1,Steady Regulars,0.3680563357551259,-0.28430578975684595
CUST00480,60,85.9,5.7,2.0,155.0,97.73,At-Risk / Dormant,Male,Apparel,0,At-Risk / Dormant,-0.9500256995342031,3.669686991344135
CUST00551,27,28.2,67.1,15.0,26.0,24.17,New & Curious,Male,Home & Living,4,New & Curious,-0.6397060309000795,-1.7717086946638723
CUST00210,33,52.2,74.3,19.0,57.0,77.1,Steady Regulars,Female,Apparel,1,Steady Regulars,0.5859229265955664,-0.6114810492987998
CUST00111,28,83.9,89.1,29.0,15.0,143.04,High-Value Loyalists,Male,Electronics,2,High-Value Loyalists,2.8061834391294473,-0.738892106783687
CUST00512,40,90.2,33.3,3.0,169.0,72.33,At-Risk / Dormant,Female,Apparel,0,At-Risk / Dormant,-1.0156402145333943,2.1427184393358085
CUST00211,34,60.0,54.2,16.0,50.0,79.76,Steady Regulars,Male,Electronics,1,Steady Regulars,0.2749319769752569,-0.15112635815382108
CUST00159,34,65.7,63.5,10.0,21.0,64.85,Steady Regulars,Male,Apparel,1,Steady Regulars,0.24040698553779122,-0.5093555720629503
CUST00166,31,39.9,62.4,13.0,43.0,107.9,Steady Regulars,Male,Beauty,1,Steady Regulars,0.22855842705695684,-0.5409118328022158
CUST00363,37,38.2,35.9,7.0,77.0,42.23,Budget Browsers,Male,Apparel,3,Budget Browsers,-1.425762385789867,0.10183912698470934
CUST00524,57,76.7,31.8,4.0,173.0,100.43,At-Risk / Dormant,Male,Sports,0,At-Risk / Dormant,-0.6490767597719899,3.142973268681376
CUST00077,42,95.8,90.7,23.0,1.0,163.69,High-Value Loyalists,Female,Home & Living,2,High-Value Loyalists,3.2604185016035423,0.269373351070619
CUST00447,38,80.2,17.3,2.0,162.0,79.39,At-Risk / Dormant,Female,Electronics,0,At-Risk / Dormant,-1.4439756286009133,2.1363541806204607
CUST00003,46,86.8,89.5,25.0,22.0,125.36,High-Value Loyalists,Female,Electronics,2,High-Value Loyalists,2.7183355507312412,0.2829416785191944
CUST00378,35,72.7,33.5,5.0,85.0,56.8,Budget Browsers,Female,Electronics,3,Budget Browsers,-0.9282866366286978,0.7037164918938305
CUST00272,25,75.5,67.9,18.0,49.0,56.11,Steady Regulars,Female,Electronics,1,Steady Regulars,0.4904041458385834,-0.8480808100920665
CUST00293,26,31.3,27.1,7.0,110.0,12.55,Budget Browsers,Male,Apparel,3,Budget Browsers,-2.413317916621002,-0.3689710996367954
CUST00450,62,77.5,26.8,7.0,160.0,76.55,At-Risk / Dormant,Male,Sports,0,At-Risk / Dormant,-0.6612065550313004,3.174777393459018
CUST00646,34,66.6,68.5,9.0,13.0,60.02,New & Curious,Female,Home & Living,1,Steady Regulars,0.29164308802416733,-0.6681784890421305
CUST00091,42,85.5,73.0,31.0,8.0,139.26,High-Value Loyalists,Male,Electronics,2,High-Value Loyalists,2.8815536493751086,0.18102422277734864
CUST00498,49,80.6,41.3,2.0,167.0,61.75,At-Risk / Dormant,Male,Beauty,0,At-Risk / Dormant,-1.0312932805668105,2.3074115317826887
CUST00319,26,41.7,37.1,9.0,88.0,40.86,Budget Browsers,Male,Apparel,3,Budget Browsers,-1.5075843525260473,-0.4102086364682956
CUST00031,37,102.5,81.9,28.0,1.0,142.67,High-Value Loyalists,Other,Beauty,2,High-Value Loyalists,3.1645009750990867,0.001522323472769418
CUST00329,22,20.7,34.7,4.0,103.0,51.87,Budget Browsers,Male,Home & Living,3,Budget Browsers,-2.208783736933078,-0.5959704454793829
CUST00177,26,32.5,51.0,6.0,18.0,53.29,Steady Regulars,Male,Home & Living,4,New & Curious,-0.996296729158315,-1.270984134834447
CUST00432,41,88.2,17.5,0.0,176.0,89.44,At-Risk / Dormant,Male,Apparel,0,At-Risk / Dormant,-1.3411870115596114,2.637124200055479
CUST00045,31,97.1,77.3,33.0,9.0,123.78,High-Value Loyalists,Female,Home & Living,2,High-Value Loyalists,2.9011494620064378,-0.4606752285779749
CUST00265,42,67.7,58.8,13.0,41.0,51.97,Steady Regulars,Female,Home & Living,1,Steady Regulars,0.21870804850024259,0.08584369645100016
CUST00079,42,86.4,100.0,29.0,23.0,133.7,High-Value Loyalists,Male,Home & Living,2,High-Value Loyalists,3.1342689662698486,-0.08817818836681279
CUST00448,44,55.2,12.0,0.0,165.0,79.32,At-Risk / Dormant,Female,Apparel,0,At-Risk / Dormant,-1.9820684872028256,2.261223255436299
CUST00102,39,106.0,76.0,28.0,25.0,131.67,High-Value Loyalists,Male,Apparel,2,High-Value Loyalists,2.880299279777881,0.3951758872375182
CUST00311,37,41.6,35.6,4.0,74.0,47.28,Budget Browsers,Female,Apparel,3,Budget Browsers,-1.4612142941203514,0.20114024821596604
CUST00441,43,55.9,33.7,3.0,174.0,102.7,At-Risk / Dormant,Female,Home & Living,0,At-Risk / Dormant,-1.2313068807439216,2.0958479664231233
CUST00451,36,61.6,31.0,1.0,130.0,102.63,At-Risk / Dormant,Female,Apparel,0,At-Risk / Dormant,-1.1388181780904165,1.4439302349727792
CUST00421,49,91.7,31.3,0.0,137.0,82.75,At-Risk / Dormant,Female,Apparel,0,At-Risk / Dormant,-0.7244264479609686,2.506379782350913
CUST00559,31,46.8,79.5,13.0,31.0,54.82,New & Curious,Female,Electronics,1,Steady Regulars,0.15926298459627194,-1.193841972113686
CUST00164,41,51.1,61.2,18.0,35.0,58.83,Steady Regulars,Male,Electronics,1,Steady Regulars,0.3471667002103328,-0.3073666780644438
CUST00495,53,74.4,22.6,0.0,151.0,66.97,At-Risk / Dormant,Female,Electronics,0,At-Risk / Dormant,-1.3621888605803696,2.641738341657231
CUST00066,51,104.1,78.0,30.0,13.0,117.72,High-Value Loyalists,Female,Beauty,2,High-Value Loyalists,3.1181108718357344,0.7638838292110067
CUST00347,23,15.0,30.2,1.0,105.0,39.41,Budget Browsers,Female,Apparel,3,Budget Browsers,-2.6762332768202564,-0.5794614565292332
CUST00050,29,81.3,79.9,24.0,20.0,140.45,High-Value Loyalists,Male,Home & Living,2,High-Value Loyalists,2.28536345457561,-0.48389009810920813
CUST00412,31,44.1,42.8,10.0,84.0,43.21,Budget Browsers,Female,Beauty,3,Budget Browsers,-1.174936560352996,-0.22182626067230726
CUST00219,29,40.5,60.3,14.0,29.0,72.61,Steady Regulars,Female,Sports,1,Steady Regulars,-0.07509198208994523,-1.0055510146069924
CUST00040,43,76.8,76.4,31.0,1.0,115.09,High-Value Loyalists,Male,Electronics,2,High-Value Loyalists,2.5985827666515235,-0.17061594502787122
CUST00205,29,56.8,50.0,18.0,34.0,65.08,Steady Regulars,Male,Apparel,1,Steady Regulars,0.10698850356446661,-0.687681862608211
CUST00323,21,49.1,39.8,6.0,96.0,31.56,Budget Browsers,Female,Electronics,3,Budget Browsers,-1.7287782717762992,-0.5769414297953334
CUST00007,53,117.4,94.8,28.0,3.0,147.4,High-Value Loyalists,Female,Beauty,2,High-Value Loyalists,3.9586437947176965,0.9454147825960335
CUST00590,20,37.1,62.7,12.0,1.0,40.35,New & Curious,Female,Electronics,4,New & Curious,-0.5207066098512263,-2.0482388070628272
CUST00530,44,67.5,37.3,10.0,138.0,89.41,At-Risk / Dormant,Female,Apparel,0,At-Risk / Dormant,-0.5031043950062088,1.7302474664955831
CUST00609,35,26.5,49.7,9.0,37.0,34.14,New & Curious,Female,Apparel,1,Steady Regulars,-1.1331535592878808,-0.8350563205219911
CUST00422,68,67.4,17.0,0.0,150.0,80.82,At-Risk / Dormant,Female,Beauty,0,At-Risk / Dormant,-1.1728683419752055,3.5482971347907917
CUST00572,18,56.3,65.9,7.0,4.0,49.04,New & Curious,Male,Home & Living,4,New & Curious,-0.3668538612805165,-1.7878915998515583
CUST00313,26,29.8,48.6,5.0,109.0,18.16,Budget Browsers,Male,Home & Living,3,Budget Browsers,-2.0820082475090635,-0.6577632308776871
CUST00405,33,46.4,42.4,10.0,108.0,18.72,Budget Browsers,Male,Electronics,3,Budget Browsers,-1.5235408506316528,-0.02347048088847219
CUST00087,48,70.7,85.4,25.0,9.0,163.26,High-Value Loyalists,Male,Apparel,2,High-Value Loyalists,2.8986396876516354,0.38292265503687417
CUST00258,34,30.7,63.1,11.0,41.0,88.5,Steady Regulars,Female,Electronics,1,Steady Regulars,-0.16458827037949225,-0.6405245394703603
CUST00266,31,60.1,57.0,15.0,35.0,58.64,Steady Regulars,Male,Apparel,1,Steady Regulars,0.0891454483539903,-0.6339720303087379
CUST00604,18,32.0,84.3,11.0,22.0,28.39,New & Curious,Male,Home & Living,4,New & Curious,-0.5541067889673679,-2.4308885324423386
CUST00110,41,104.3,87.1,27.0,32.0,149.49,High-Value Loyalists,Female,Sports,2,High-Value Loyalists,3.1860483481859445,0.5193369931141907
CUST00149,45,104.8,76.9,27.0,5.0,158.1,High-Value Loyalists,Female,Sports,2,High-Value Loyalists,3.334360940525262,0.710709327751053
CUST00042,43,105.3,84.4,32.0,32.0,143.12,High-Value Loyalists,Male,Beauty,2,High-Value Loyalists,3.3839760999262367,0.5716601351466354
CUST00351,39,20.2,43.5,0.0,100.0,21.26,Budget Browsers,Male,Electronics,3,Budget Browsers,-2.2930950381827944,0.012012811627106252
CUST00449,55,76.6,20.4,2.0,154.0,88.34,At-Risk / Dormant,Female,Beauty,0,At-Risk / Dormant,-1.0136821795516135,2.967950992069266
CUST00057,36,101.2,81.8,26.0,12.0,143.33,High-Value Loyalists,Male,Home & Living,2,High-Value Loyalists,2.956691870415471,0.0643995802043266
CUST00647,21,55.1,70.3,9.0,24.0,65.9,New & Curious,Female,Electronics,4,New & Curious,-0.0905760863114049,-1.4261993224963567
CUST00345,27,59.9,21.5,0.0,103.0,27.46,Budget Browsers,Male,Sports,3,Budget Browsers,-2.191750839804561,0.2965472858073894
CUST00269,27,59.8,60.7,15.0,26.0,70.64,Steady Regulars,Female,Beauty,1,Steady Regulars,0.2701797500471951,-0.9140153496528145
CUST00146,47,86.7,88.7,26.0,3.0,149.73,High-Value Loyalists,Female,Home & Living,2,High-Value Loyalists,3.1530029286631285,0.3307949562068092
CUST00536,55,64.6,15.9,3.0,163.0,92.84,At-Risk / Dormant,Other,Electronics,0,At-Risk / Dormant,-1.250164017428943,2.97462887484383
CUST00109,43,100.3,83.2,29.0,1.0,131.72,High-Value Loyalists,Male,Home & Living,2,High-Value Loyalists,3.1880145929264083,0.19208478335423393
CUST00025,38,98.3,71.9,33.0,31.0,149.33,High-Value Loyalists,Female,Electronics,2,High-Value Loyalists,3.079446211677542,0.4104641320198973
CUST00119,49,89.7,93.8,22.0,8.0,149.88,High-Value Loyalists,Male,Electronics,2,High-Value Loyalists,3.0883632226839444,0.5067260799435811
CUST00134,45,80.1,89.2,35.0,1.0,155.66,High-Value Loyalists,Female,Home & Living,2,High-Value Loyalists,3.5740074315551995,0.024358272404836973
CUST00320,29,31.5,30.1,7.0,112.0,15.1,Budget Browsers,Female,Home & Living,3,Budget Browsers,-2.2889757880954194,-0.20926743489010835
CUST00632,18,34.6,52.3,7.0,14.0,47.63,New & Curious,Female,Sports,4,New & Curious,-1.0555463701769263,-1.7948094501671856
CUST00083,52,95.5,60.8,28.0,6.0,124.94,High-Value Loyalists,Male,Sports,2,High-Value Loyalists,2.690111025490417,0.9751636569354029
CUST00481,50,74.6,22.2,6.0,164.0,104.68,At-Risk / Dormant,Male,Apparel,0,At-Risk / Dormant,-0.7708067386619817,2.7922294405838612
CUST00168,31,62.1,63.5,13.0,40.0,48.72,Steady Regulars,Female,Electronics,1,Steady Regulars,-0.0024477450234421136,-0.7017498719019518
CUST00078,39,82.1,83.8,28.0,33.0,132.16,High-Value Loyalists,Female,Electronics,2,High-Value Loyalists,2.5819767144793144,0.028776933213446963
CUST00522,53,75.6,29.8,7.0,170.0,101.36,At-Risk / Dormant,Female,Electronics,0,At-Risk / Dormant,-0.5834293471204219,2.8753785396421194
CUST00071,44,122.8,82.2,23.0,27.0,132.24,High-Value Loyalists,Male,Beauty,2,High-Value Loyalists,3.086068244621819,0.8970646943412873
CUST00394,26,37.3,46.3,8.0,108.0,56.65,Budget Browsers,Female,Apparel,3,Budget Browsers,-1.417982472669501,-0.29767276638672413
CUST00332,25,61.8,30.9,5.0,83.0,19.71,Budget Browsers,Female,Apparel,3,Budget Browsers,-1.7145030621699269,-0.23950043897191836
CUST00354,18,33.7,34.0,1.0,115.0,24.26,Budget Browsers,Male,Home & Living,3,Budget Browsers,-2.605097281445274,-0.6718982925673351
CUST00133,34,114.0,79.3,30.0,17.0,132.66,High-Value Loyalists,Male,Home & Living,2,High-Value Loyalists,3.1565000682087305,0.08358426143034788
CUST00061,38,101.9,87.2,29.0,5.0,137.2,High-Value Loyalists,Female,Electronics,2,High-Value Loyalists,3.238326387232063,-0.046687412645255784
CUST00213,31,73.1,52.2,20.0,32.0,28.17,Steady Regulars,Female,Beauty,1,Steady Regulars,0.172595638606065,-0.6951916461747686
CUST00580,26,43.7,64.4,8.0,19.0,52.21,New & Curious,Female,Apparel,4,New & Curious,-0.47463160638278434,-1.3464368070639294
CUST00335,26,15.0,26.8,2.0,119.0,38.38,Budget Browsers,Female,Apparel,3,Budget Browsers,-2.7328883007753078,-0.2524278167610361
CUST00341,18,15.0,43.3,4.0,91.0,61.24,Budget Browsers,Female,Apparel,3,Budget Browsers,-2.03718805536369,-1.070615796440739
CUST00620,39,55.2,66.4,8.0,20.0,59.94,New & Curious,Other,Electronics,1,Steady Regulars,0.05020610091672755,-0.4375909903517467
CUST00136,52,71.6,82.7,29.0,18.0,167.7,High-Value Loyalists,Male,Home & Living,2,High-Value Loyalists,3.136431125317129,0.7184296966002554
CUST00216,40,35.5,45.8,15.0,48.0,59.66,Steady Regulars,Other,Electronics,1,Steady Regulars,-0.44408191735486674,-0.17454643844489653
CUST00516,52,63.6,19.9,3.0,175.0,116.73,At-Risk / Dormant,Male,Home & Living,0,At-Risk / Dormant,-1.0600842395957357,3.0159071215989717
CUST00376,29,51.5,22.8,6.0,108.0,45.82,Budget Browsers,Male,Sports,3,Budget Browsers,-1.7872224443546223,0.36827188274025785
CUST00370,19,34.4,30.5,5.0,87.0,31.86,Budget Browsers,Male,Beauty,3,Budget Browsers,-2.172567285073761,-0.8155534463709959
CUST00245,22,45.1,70.1,12.0,32.0,61.9,Steady Regulars,Female,Beauty,4,New & Curious,-0.17691655048493637,-1.4987159501769087
CUST00603,24,65.9,58.3,8.0,24.0,64.44,New & Curious,Male,Sports,4,New & Curious,-0.1502044946478107,-0.9280473330095228
CUST00334,31,41.0,36.5,5.0,98.0,32.38,Budget Browsers,Male,Sports,3,Budget Browsers,-1.8123268627818065,-0.04722737860705381
CUST00030,39,127.6,88.3,31.0,25.0,149.31,High-Value Loyalists,Female,Electronics,2,High-Value Loyalists,3.8163676175876593,0.5881836640556275
CUST00554,30,25.7,57.4,5.0,33.0,47.39,New & Curious,Male,Electronics,4,New & Curious,-1.1339910852009314,-1.1281961648165515
CUST00287,21,27.7,47.3,16.0,42.0,44.19,Steady Regulars,Male,Home & Living,4,New & Curious,-0.9435583299198883,-1.5323067592207695
CUST00426,51,60.6,33.2,2.0,144.0,101.09,At-Risk / Dormant,Male,Apparel,0,At-Risk / Dormant,-0.9120127763281911,2.3316405366411024
CUST00292,24,32.4,33.6,5.0,100.0,21.06,Budget Browsers,Female,Home & Living,3,Budget Browsers,-2.261607857114983,-0.5688863900441808
CUST00381,30,34.3,38.3,4.0,108.0,25.91,Budget Browsers,Female,Home & Living,3,Budget Browsers,-2.0926044493333142,-0.1602338763833804
CUST00582,23,32.4,61.7,9.0,40.0,37.08,New & Curious,Female,Electronics,4,New & Curious,-1.0033411476134033,-1.5502836084623206
CUST00431,51,59.1,22.9,3.0,159.0,88.66,At-Risk / Dormant,Female,Home & Living,0,At-Risk / Dormant,-1.3006392924944452,2.5055994064561533
CUST00209,33,59.0,63.7,12.0,23.0,44.9,Steady Regulars,Female,Home & Living,1,Steady Regulars,-0.005723612259016675,-0.8088192762066617
CUST00291,25,21.7,28.2,6.0,100.0,8.0,Budget Browsers,Other,Home & Living,3,Budget Browsers,-2.610060009002374,-0.6839834285603972
CUST00321,26,43.4,43.1,2.0,116.0,50.71,Budget Browsers,Female,Electronics,3,Budget Browsers,-1.8084236848951873,-0.0522486932587253
CUST00333,18,42.7,29.8,4.0,90.0,34.65,Budget Browsers,Female,Apparel,3,Budget Browsers,-2.105896111974009,-0.685574904230552
CUST00193,34,44.1,64.3,14.0,25.0,58.81,Steady Regulars,Male,Sports,1,Steady Regulars,0.018561103573562356,-0.8759376347174302
CUST00610,22,35.6,57.5,10.0,2.0,42.07,New & Curious,Male,Electronics,4,New & Curious,-0.7017130468994127,-1.8309203975280965
CUST00445,64,75.6,20.1,0.0,138.0,96.48,At-Risk / Dormant,Male,Home & Living,0,At-Risk / Dormant,-0.8033277030590256,3.3913449082126306
CUST00382,27,38.4,38.0,3.0,102.0,60.79,Budget Browsers,Female,Electronics,3,Budget Browsers,-1.7198053712003605,-0.06074292822218765
CUST00306,35,38.4,33.1,9.0,82.0,55.11,Budget Browsers,Female,Home & Living,3,Budget Browsers,-1.2931773573948995,0.14741165871121423
CUST00239,28,47.2,50.6,13.0,44.0,64.25,Steady Regulars,Male,Home & Living,1,Steady Regulars,-0.3955690649527467,-0.7280850640861307
CUST00631,29,43.7,62.7,8.0,32.0,49.53,New & Curious,Female,Home & Living,4,New & Curious,-0.5648213014527359,-1.0526676525545136
CUST00105,40,76.8,77.5,29.0,1.0,161.31,High-Value Loyalists,Female,Sports,2,High-Value Loyalists,2.9610369988808305,0.0015268387922488583
CUST00115,40,92.0,85.3,32.0,12.0,130.81,High-Value Loyalists,Male,Home & Living,2,High-Value Loyalists,3.1196015266700994,-0.06311292580355214
CUST00156,30,58.6,67.4,8.0,42.0,45.7,Steady Regulars,Female,Apparel,1,Steady Regulars,-0.316822040561627,-0.7990259994195825
CUST00222,25,50.6,66.3,12.0,14.0,54.5,Steady Regulars,Male,Apparel,4,New & Curious,-0.07313968593637654,-1.4207307204546433
CUST00008,47,100.7,76.1,25.0,1.0,142.77,High-Value Loyalists,Male,Sports,2,High-Value Loyalists,3.0379334461016514,0.6584027540549049
CUST00249,26,55.2,59.9,19.0,53.0,67.71,Steady Regulars,Female,Apparel,1,Steady Regulars,0.17592080971648788,-0.8428197368430929
CUST00487,38,71.7,37.5,3.0,181.0,72.05,At-Risk / Dormant,Female,Beauty,0,At-Risk / Dormant,-1.3572565111288768,1.8260003210425468
CUST00337,23,25.5,35.0,0.0,102.0,33.03,Budget Browsers,Other,Home & Living,3,Budget Browsers,-2.516674112906223,-0.5685008920873882
CUST00639,26,37.3,66.9,9.0,1.0,47.15,New & Curious,Male,Beauty,4,New & Curious,-0.4249832532963653,-1.6890247606500663
CUST00330,21,36.7,17.3,6.0,77.0,29.99,Budget Browsers,Female,Sports,3,Budget Browsers,-2.248630362330049,-0.5937565812833501
CUST00322,37,31.0,25.3,6.0,107.0,52.54,Budget Browsers,Female,Sports,3,Budget Browsers,-1.8685074747828243,0.5306247259981534
CUST00290,37,34.8,56.1,16.0,26.0,85.66,Steady Regulars,Female,Apparel,1,Steady Regulars,0.15369774158896776,-0.5404419606123823
CUST00141,43,92.5,85.8,28.0,1.0,152.31,High-Value Loyalists,Female,Sports,2,High-Value Loyalists,3.275298638952274,0.20558689454832482
CUST00214,34,46.3,47.9,12.0,23.0,50.88,Steady Regulars,Female,Apparel,1,Steady Regulars,-0.4265101508997831,-0.6452323294889243
CUST00044,39,80.1,76.9,25.0,1.0,120.85,High-Value Loyalists,Male,Apparel,2,High-Value Loyalists,2.3381413164857316,-0.23216544915685522
CUST00043,41,97.6,84.4,28.0,9.0,144.07,High-Value Loyalists,Female,Apparel,2,High-Value Loyalists,3.1620486813380135,0.20223528689485878
CUST00074,52,75.6,91.6,30.0,8.0,134.56,High-Value Loyalists,Male,Apparel,2,High-Value Loyalists,3.1240901247836073,0.2965708511348371
CUST00583,18,41.1,68.5,8.0,1.0,60.54,New & Curious,Male,Electronics,4,New & Curious,-0.3758668166921415,-1.9948572843518717
CUST00606,30,40.2,56.3,10.0,18.0,42.73,New & Curious,Male,Sports,4,New & Curious,-0.6042999641067268,-1.1540965187961103
CUST00067,41,85.7,84.2,30.0,9.0,144.01,High-Value Loyalists,Female,Home & Living,2,High-Value Loyalists,3.0661410751720095,0.015325892124501828
CUST00012,38,104.4,93.0,28.0,11.0,141.83,High-Value Loyalists,Female,Home & Living,2,High-Value Loyalists,3.346341054322316,0.0018740948854016155
CUST00200,31,45.6,80.1,11.0,53.0,98.84,Steady Regulars,Female,Electronics,1,Steady Regulars,0.3830698380079806,-0.6751178271864148
CUST00528,52,56.2,16.1,3.0,167.0,108.74,At-Risk / Dormant,Male,Apparel,0,At-Risk / Dormant,-1.2899134429246253,2.8411832784755706
CUST00605,30,35.4,62.2,10.0,8.0,39.52,New & Curious,Male,Electronics,4,New & Curious,-0.5482275661789106,-1.425083280040172
CUST00434,41,82.4,9.5,4.0,143.0,112.42,At-Risk / Dormant,Female,Electronics,0,At-Risk / Dormant,-0.9194341384099457,2.4799814636514985
CUST00260,26,37.8,36.5,13.0,29.0,45.38,Steady Regulars,Female,Home & Living,1,Steady Regulars,-0.956230075691139,-1.0269259734531142
CUST00368,20,34.6,47.0,6.0,96.0,35.57,Budget Browsers,Male,Electronics,3,Budget Browsers,-1.8110211624137822,-0.9108396732652628
CUST00533,49,64.4,4.1,3.0,156.0,73.94,At-Risk / Dormant,Female,Home & Living,0,At-Risk / Dormant,-1.7327917781389794,2.620062378374994
CUST00585,18,65.7,63.0,11.0,13.0,30.45,New & Curious,Female,Electronics,4,New & Curious,-0.307570980115992,-1.7173965353867433
CUST00084,38,87.2,76.7,24.0,18.0,128.48,High-Value Loyalists,Male,Electronics,2,High-Value Loyalists,2.359574988094431,0.03877740992740423
CUST00438,54,80.7,22.6,8.0,126.0,74.68,At-Risk / Dormant,Male,Beauty,0,At-Risk / Dormant,-0.576583906875214,2.4962306139694226
CUST00625,30,69.3,81.8,9.0,23.0,33.91,New & Curious,Male,Electronics,4,New & Curious,0.16997933907780827,-1.1454435250604365
CUST00510,56,64.2,19.6,4.0,162.0,96.77,At-Risk / Dormant,Male,Sports,0,At-Risk / Dormant,-1.0699539791519859,2.9733388145078234
CUST00080,28,103.2,73.9,25.0,27.0,135.77,High-Value Loyalists,Female,Electronics,2,High-Value Loyalists,2.481679406971028,-0.13054298743056522
CUST00024,32,99.1,100.0,32.0,28.0,154.59,High-Value Loyalists,Male,Beauty,2,High-Value Loyalists,3.5311385392577783,-0.31297561402352525
CUST00228,18,47.3,62.2,11.0,29.0,82.82,Steady Regulars,Female,Electronics,4,New & Curious,-0.16193178197934885,-1.4361663009822416
CUST00371,25,15.0,35.0,1.0,103.0,51.09,Budget Browsers,Female,Beauty,3,Budget Browsers,-2.415542145503331,-0.4776296969427938
CUST00598,18,43.5,72.2,11.0,18.0,38.06,New & Curious,Female,Beauty,4,New & Curious,-0.45633018103729545,-2.0593413824018825
CUST00237,40,51.6,56.9,10.0,23.0,53.03,Steady Regulars,Male,Sports,1,Steady Regulars,-0.15455600725739158,-0.33556958630492095
CUST00235,29,67.6,59.7,17.0,28.0,42.31,Steady Regulars,Male,Beauty,1,Steady Regulars,0.20332137247673351,-0.8909866680490047
CUST00312,31,35.1,37.8,10.0,87.0,58.07,Budget Browsers,Male,Sports,3,Budget Browsers,-1.274836021802993,-0.13567801568215243
CUST00257,36,34.8,39.6,20.0,36.0,70.09,Steady Regulars,Male,Electronics,1,Steady Regulars,-0.18430482232368633,-0.4167409954660355
CUST00138,39,102.1,68.2,25.0,24.0,134.61,High-Value Loyalists,Female,Apparel,2,High-Value Loyalists,2.550093963836444,0.5121492326395543
CUST00275,42,60.3,63.4,15.0,40.0,45.97,Steady Regulars,Female,Apparel,1,Steady Regulars,0.22809807931074322,-0.16376582467450623
CUST00236,21,34.2,43.9,12.0,41.0,77.82,Steady Regulars,Male,Home & Living,4,New & Curious,-0.7414118689840882,-1.1090361507349384
CUST00581,18,23.1,79.8,9.0,32.0,41.96,New & Curious,Male,Home & Living,4,New & Curious,-0.8068736280878587,-2.267745060141968
CUST00212,39,15.0,56.0,13.0,42.0,58.23,Steady Regulars,Female,Sports,1,Steady Regulars,-0.6989203325842474,-0.703324494240882
CUST00010,45,102.9,80.0,24.0,30.0,150.5,High-Value Loyalists,Male,Apparel,2,High-Value Loyalists,2.963176555378222,0.8577654313571539
CUST00614,18,47.0,55.6,9.0,15.0,41.77,New & Curious,Female,Apparel,4,New & Curious,-0.7515268944119651,-1.7347143096729574
CUST00301,18,46.6,18.9,5.0,99.0,24.17,Budget Browsers,Female,Home & Living,3,Budget Browsers,-2.357476510265164,-0.4709615289463314
CUST00357,27,38.0,10.6,6.0,82.0,26.3,Budget Browsers,Female,Apparel,3,Budget Browsers,-2.319970793754075,-0.12258463118662437
CUST00636,18,28.3,67.7,5.0,26.0,53.04,New & Curious,Female,Beauty,4,New & Curious,-0.9991489520720533,-1.936833084552633
CUST00575,18,55.3,73.1,11.0,32.0,34.95,New & Curious,Male,Apparel,4,New & Curious,-0.36376923497588187,-1.803259956938626
CUST00085,36,120.7,74.4,26.0,1.0,139.48,High-Value Loyalists,Female,Electronics,2,High-Value Loyalists,3.171466756388461,0.31286023829466375
CUST00297,32,28.3,35.0,5.0,74.0,21.17,Budget Browsers,Male,Sports,3,Budget Browsers,-2.0067454863082546,-0.4460433257847504
CUST00444,45,58.6,14.6,4.0,174.0,80.96,At-Risk / Dormant,Male,Electronics,0,At-Risk / Dormant,-1.6859527474011249,2.3650262431488573
CUST00204,40,48.6,83.8,9.0,13.0,54.7,Steady Regulars,Male,Beauty,1,Steady Regulars,0.3176580313166533,-0.8520695874688062
CUST00197,19,60.4,58.4,14.0,43.0,57.19,Steady Regulars,Male,Electronics,4,New & Curious,-0.20102391071752226,-1.2359922709590134
CUST00279,34,55.1,68.9,18.0,25.0,65.51,Steady Regulars,Female,Apparel,1,Steady Regulars,0.5715141774179622,-0.8020251242394767
CUST00094,39,105.4,100.0,32.0,19.0,145.74,High-Value Loyalists,Male,Home & Living,2,High-Value Loyalists,3.714261379426207,0.012992875021211766
CUST00408,24,41.2,25.1,1.0,79.0,53.67,Budget Browsers,Other,Electronics,3,Budget Browsers,-2.002181781700248,-0.23078353022827597
CUST00464,49,78.8,15.0,3.0,163.0,79.58,At-Risk / Dormant,Female,Home & Living,0,At-Risk / Dormant,-1.2749382023443687,2.7568091848802014
CUST00593,31,44.3,85.1,3.0,1.0,59.68,New & Curious,Male,Beauty,4,New & Curious,-0.07294013916708675,-1.423173513932713
CUST00029,37,91.8,88.2,37.0,13.0,138.88,High-Value Loyalists,Female,Home & Living,2,High-Value Loyalists,3.466087219821362,-0.2765454669107343
CUST00185,33,60.0,55.1,12.0,54.0,54.98,Steady Regulars,Male,Electronics,1,Steady Regulars,-0.2306707041910938,-0.3041851189952221
CUST00523,48,70.5,14.0,5.0,180.0,110.56,At-Risk / Dormant,Female,Electronics,0,At-Risk / Dormant,-1.1126197335574286,2.954493951344066
CUST00179,40,42.4,44.0,10.0,17.0,61.02,Steady Regulars,Female,Beauty,1,Steady Regulars,-0.4216874779479433,-0.26510901506091117
CUST00261,39,36.1,61.9,15.0,45.0,76.61,Steady Regulars,Male,Apparel,1,Steady Regulars,0.04716875955542071,-0.37342397318188986
CUST00154,38,47.5,42.3,15.0,25.0,48.01,Steady Regulars,Female,Beauty,1,Steady Regulars,-0.3259209109684836,-0.36528440557552544
CUST00076,47,108.1,74.3,23.0,3.0,161.8,High-Value Loyalists,Male,Electronics,2,High-Value Loyalists,3.214649545179028,0.967239325324495
CUST00504,39,87.8,13.3,0.0,147.0,109.18,At-Risk / Dormant,Female,Sports,0,At-Risk / Dormant,-1.065995636580743,2.454099025746575
CUST00093,37,101.1,68.8,30.0,1.0,123.16,High-Value Loyalists,Female,Home & Living,2,High-Value Loyalists,2.7956714470634396,0.015629297531437825
CUST00355,18,66.7,37.7,6.0,95.0,45.23,Budget Browsers,Female,Electronics,3,Budget Browsers,-1.371372319146092,-0.38298289437733873
CUST00069,44,89.2,83.0,28.0,1.0,141.23,High-Value Loyalists,Male,Electronics,2,High-Value Loyalists,3.066024503321883,0.179680644702591
CUST00483,47,94.1,24.5,5.0,159.0,73.44,At-Risk / Dormant,Male,Apparel,0,At-Risk / Dormant,-0.8142875497364764,2.603458541776867
CUST00336,18,28.5,46.2,11.0,132.0,29.46,Budget Browsers,Male,Beauty,3,Budget Browsers,-1.9840211596371808,-0.8674254936329505
CUST00189,31,66.0,49.6,10.0,47.0,90.94,Steady Regulars,Male,Sports,1,Steady Regulars,0.059513595865077824,-0.03289497289961478
CUST00016,38,100.0,82.2,27.0,14.0,129.45,High-Value Loyalists,Female,Beauty,2,High-Value Loyalists,2.868732743598273,0.05922386949076033
CUST00437,54,56.9,22.4,0.0,142.0,104.27,At-Risk / Dormant,Female,Home & Living,0,At-Risk / Dormant,-1.1815075765433465,2.6413523586557295
CUST00410,27,40.2,33.1,8.0,98.0,15.16,Budget Browsers,Male,Apparel,3,Budget Browsers,-1.9821060490650668,-0.3901176177835313
CUST00089,38,87.1,91.5,31.0,21.0,154.76,High-Value Loyalists,Male,Electronics,2,High-Value Loyalists,3.2682007721535573,-0.0672398309519334
CUST00546,28,40.0,54.6,10.0,10.0,40.12,New & Curious,Female,Electronics,4,New & Curious,-0.6512961901795868,-1.334674960652044
CUST00118,33,77.8,83.2,25.0,14.0,145.02,High-Value Loyalists,Female,Apparel,2,High-Value Loyalists,2.4951476798424572,-0.3978695461861116
CUST00626,26,52.7,71.1,10.0,20.0,62.88,New & Curious,Female,Home & Living,4,New & Curious,0.01397259880904442,-1.2671625980044696
CUST00488,46,70.3,24.4,0.0,160.0,103.41,At-Risk / Dormant,Male,Electronics,0,At-Risk / Dormant,-1.1775467415931742,2.514017496762469
CUST00034,34,100.8,75.2,29.0,7.0,149.16,High-Value Loyalists,Male,Electronics,2,High-Value Loyalists,3.0483520374404094,0.002580837203826495
CUST00001,45,98.0,73.7,28.0,21.0,126.15,High-Value Loyalists,Female,Apparel,2,High-Value Loyalists,2.771244652733551,0.5757527242261831
CUST00643,18,40.5,46.1,6.0,7.0,33.0,New & Curious,Female,Home & Living,4,New & Curious,-1.2394042843612996,-1.7757686538697957
CUST00251,39,44.4,59.3,16.0,35.0,65.26,Steady Regulars,Female,Electronics,1,Steady Regulars,0.1299798207863303,-0.407940696883759
CUST00413,31,49.3,34.8,1.0,99.0,43.23,Budget Browsers,Male,Sports,3,Budget Browsers,-1.8073796284868258,0.23212402745983152
CUST00397,34,48.5,26.0,5.0,89.0,30.82,Budget Browsers,Female,Apparel,3,Budget Browsers,-1.791337356195877,0.28493712546048966
CUST00500,44,71.5,23.4,0.0,157.0,96.56,At-Risk / Dormant,Female,Beauty,0,At-Risk / Dormant,-1.2651420647589413,2.3585621978063096
CUST00303,21,20.2,27.3,6.0,87.0,26.8,Budget Browsers,Male,Electronics,3,Budget Browsers,-2.4354582757774326,-0.8998591856717403
CUST00023,42,94.1,73.8,23.0,35.0,149.49,High-Value Loyalists,Male,Beauty,2,High-Value Loyalists,2.55685856330688,0.7188621976261423
CUST00062,40,108.6,97.3,28.0,5.0,133.4,High-Value Loyalists,Male,Electronics,2,High-Value Loyalists,3.4752773014847613,-0.011177832214147053
CUST00117,41,114.6,97.5,22.0,13.0,144.29,High-Value Loyalists,Female,Electronics,2,High-Value Loyalists,3.344443650834518,0.3558425942744566
CUST00502,52,63.9,9.8,1.0,162.0,96.38,At-Risk / Dormant,Female,Beauty,0,At-Risk / Dormant,-1.4867500385623313,2.9345766606385504
CUST00229,18,50.4,50.9,18.0,21.0,74.97,Steady Regulars,Male,Apparel,4,New & Curious,0.018844174539653452,-1.4474943924373778
CUST00090,45,105.2,76.2,26.0,17.0,136.79,High-Value Loyalists,Male,Home & Living,2,High-Value Loyalists,2.970369791686222,0.7012766653095265
CUST00183,19,48.9,50.8,16.0,28.0,50.35,Steady Regulars,Female,Home & Living,4,New & Curious,-0.4068194050306813,-1.4933203238966806
CUST00276,33,77.3,49.0,12.0,43.0,76.29,Steady Regulars,Female,Apparel,1,Steady Regulars,0.24320348423060018,0.07280320102593411
CUST00285,26,39.0,58.1,16.0,7.0,72.0,Steady Regulars,Male,Apparel,1,Steady Regulars,0.044986121619802984,-1.3950283608043765
CUST00019,35,92.1,85.2,26.0,18.0,130.6,High-Value Loyalists,Male,Home & Living,2,High-Value Loyalists,2.676326355259783,-0.20081109417608345
CUST00496,32,44.8,22.0,8.0,182.0,61.8,At-Risk / Dormant,Female,Beauty,3,Budget Browsers,-2.0423515192570543,1.2312876729820634
CUST00400,28,39.9,41.0,7.0,110.0,40.1,Budget Browsers,Male,Electronics,3,Budget Browsers,-1.682939210850517,-0.1564872823660075
CUST00145,43,99.3,69.0,31.0,18.0,160.73,High-Value Loyalists,Female,Electronics,2,High-Value Loyalists,3.224327631310883,0.7307200194778337
CUST00339,28,33.0,31.7,11.0,101.0,28.45,Budget Browsers,Female,Electronics,3,Budget Browsers,-1.8262111744273457,-0.33037181676145827
CUST00520,58,80.2,26.9,4.0,167.0,100.82,At-Risk / Dormant,Female,Home & Living,0,At-Risk / Dormant,-0.622800695375488,3.267015911226182
CUST00586,33,25.4,54.3,11.0,27.0,39.04,New & Curious,Female,Beauty,1,Steady Regulars,-0.8791778005052903,-1.1158589434052308
CUST00433,51,76.1,23.2,5.0,145.0,64.03,At-Risk / Dormant,Female,Beauty,0,At-Risk / Dormant,-1.0851135447495135,2.401005463265343
CUST00406,21,41.2,29.9,5.0,112.0,22.62,Budget Browsers,Female,Sports,3,Budget Browsers,-2.2914530627779843,-0.43534289428520134
CUST00047,38,84.4,67.5,25.0,1.0,139.41,High-Value Loyalists,Female,Electronics,2,High-Value Loyalists,2.4201995599204094,0.045240587614680666
CUST00262,31,22.2,82.9,16.0,20.0,58.19,Steady Regulars,Female,Apparel,4,New & Curious,0.07676070674737195,-1.7005578676010213
CUST00196,22,53.2,56.7,14.0,30.0,66.42,Steady Regulars,Male,Beauty,4,New & Curious,-0.12124637111325194,-1.1987524158366814
CUST00650,22,27.9,77.0,9.0,36.0,50.69,New & Curious,Male,Electronics,4,New & Curious,-0.6415599580219051,-1.8396720994741913
CUST00541,23,35.8,85.0,8.0,7.0,53.79,New & Curious,Female,Apparel,4,New & Curious,-0.18594376145496047,-2.0329004276825615
CUST00108,43,86.5,80.6,27.0,33.0,147.07,High-Value Loyalists,Female,Electronics,2,High-Value Loyalists,2.771597742411525,0.47742631942809394
CUST00425,54,56.9,27.5,0.0,167.0,87.91,At-Risk / Dormant,Female,Electronics,0,At-Risk / Dormant,-1.4192332673587786,2.6814384268309395
CUST00458,48,51.2,7.1,5.0,162.0,91.64,At-Risk / Dormant,Female,Apparel,0,At-Risk / Dormant,-1.6536258229258467,2.493503796371357
CUST00305,29,34.7,43.3,4.0,82.0,60.1,Budget Browsers,Male,Electronics,3,Budget Browsers,-1.480328119054403,-0.2861225913181788
CUST00621,24,47.6,71.3,10.0,24.0,24.15,New & Curious,Other,Beauty,4,New & Curious,-0.5440823485058925,-1.6873815921333724
CUST00584,29,41.1,68.5,10.0,1.0,23.66,New & Curious,Male,Sports,4,New & Curious,-0.4821860757761223,-1.6756290292873912
CUST00579,23,52.3,66.2,5.0,18.0,62.73,New & Curious,Female,Electronics,4,New & Curious,-0.38882416157978705,-1.3162320050259715
CUST00479,49,77.5,28.9,0.0,146.0,104.63,At-Risk / Dormant,Male,Home & Living,0,At-Risk / Dormant,-0.8243265753106216,2.587855742423483
CUST00531,50,91.1,18.6,8.0,146.0,83.73,At-Risk / Dormant,Male,Apparel,0,At-Risk / Dormant,-0.570877386977741,2.728649125791873
CUST00634,27,61.1,93.1,10.0,11.0,31.65,New & Curious,Male,Electronics,4,New & Curious,0.29416067248573874,-1.7358163406989113
CUST00150,44,102.6,71.4,29.0,1.0,127.75,High-Value Loyalists,Female,Home & Living,2,High-Value Loyalists,2.982991366373599,0.42938153861063433
CUST00125,46,83.2,88.5,30.0,14.0,139.5,High-Value Loyalists,Other,Electronics,2,High-Value Loyalists,3.1083950739420336,0.20690275147841616
CUST00515,52,93.8,37.2,6.0,150.0,101.03,At-Risk / Dormant,Female,Apparel,0,At-Risk / Dormant,-0.0940514782341001,2.7810902454929027
CUST00560,33,43.6,81.9,8.0,17.0,57.16,New & Curious,Female,Beauty,4,New & Curious,0.029929313119636564,-1.2099142286457927
CUST00186,26,42.1,70.5,6.0,59.0,53.95,Steady Regulars,Female,Sports,4,New & Curious,-0.7244375633469123,-1.0481139380141562
CUST00553,27,20.5,68.5,15.0,35.0,26.74,New & Curious,Female,Electronics,4,New & Curious,-0.7700582518091001,-1.7958712619733905
CUST00350,26,58.5,36.9,7.0,82.0,24.64,Budget Browsers,Female,Beauty,3,Budget Browsers,-1.4761792589026808,-0.3216655652110306
CUST00641,27,36.3,70.3,12.0,18.0,55.39,New & Curious,Female,Sports,4,New & Curious,-0.21884556437692146,-1.5224974022974376
CUST00599,18,39.3,80.8,4.0,16.0,42.75,New & Curious,Female,Electronics,4,New & Curious,-0.6772899096069075,-2.137822296214553
CUST00143,30,87.9,61.3,29.0,5.0,156.0,High-Value Loyalists,Male,Beauty,2,High-Value Loyalists,2.596536657952505,-0.1540830526889728
CUST00142,51,89.1,81.7,27.0,1.0,147.61,High-Value Loyalists,Female,Home & Living,2,High-Value Loyalists,3.174242590363667,0.6433594344259562
CUST00637,18,40.7,74.4,11.0,1.0,12.06,New & Curious,Female,Home & Living,4,New & Curious,-0.6379000602093082,-2.473747492150287
CUST00020,32,86.0,80.7,26.0,15.0,167.19,High-Value Loyalists,Female,Electronics,2,High-Value Loyalists,2.855163125512716,-0.1503632702101407
CUST00173,30,61.8,59.2,15.0,56.0,73.79,Steady Regulars,Female,Apparel,1,Steady Regulars,0.1745753663422851,-0.39603577264754547
CUST00527,57,72.9,16.6,3.0,144.0,77.3,At-Risk / Dormant,Female,Apparel,0,At-Risk / Dormant,-1.115537288772681,2.9004270238072354
CUST00013,43,108.9,90.3,26.0,15.0,178.4,High-Value Loyalists,Female,Beauty,2,High-Value Loyalists,3.719667762896729,0.7038497625071393
CUST00026,42,104.9,69.9,27.0,6.0,116.45,High-Value Loyalists,Female,Beauty,2,High-Value Loyalists,2.700423762217968,0.36666883676460155
CUST00452,34,77.0,19.4,4.0,152.0,84.46,At-Risk / Dormant,Male,Sports,0,At-Risk / Dormant,-1.3028884014657633,1.7554954089119885
CUST00170,31,43.6,71.6,15.0,30.0,77.23,Steady Regulars,Female,Sports,1,Steady Regulars,0.315233404720944,-0.9954192050395373
CUST00453,61,73.1,20.9,1.0,165.0,46.4,At-Risk / Dormant,Male,Home & Living,0,At-Risk / Dormant,-1.5358618773145531,3.0629825230075065
CUST00356,18,17.0,29.2,3.0,103.0,57.31,Budget Browsers,Male,Home & Living,3,Budget Browsers,-2.433573326212093,-0.7320307442376567
CUST00246,28,59.6,59.4,17.0,39.0,89.08,Steady Regulars,Male,Electronics,1,Steady Regulars,0.4848335930806322,-0.6168925236196284
CUST00299,27,15.0,41.6,1.0,89.0,38.11,Budget Browsers,Female,Sports,3,Budget Browsers,-2.3137083774721097,-0.6897628471196177
CUST00570,27,33.3,52.0,8.0,20.0,27.24,New & Curious,Male,Electronics,4,New & Curious,-1.1350458222084758,-1.4129165619548036
CUST00273,29,31.3,56.3,15.0,23.0,71.08,Steady Regulars,Female,Home & Living,1,Steady Regulars,-0.2279570803441201,-1.1509044622669597
CUST00155,31,45.9,48.1,14.0,28.0,52.76,Steady Regulars,Female,Sports,1,Steady Regulars,-0.3843576260634508,-0.7864768628069374
CUST00127,35,97.4,72.4,29.0,12.0,132.24,High-Value Loyalists,Male,Electronics,2,High-Value Loyalists,2.7433483024581764,-0.019413928545520983
CUST00501,34,93.4,28.0,1.0,174.0,92.78,At-Risk / Dormant,Female,Apparel,0,At-Risk / Dormant,-1.0777537580875576,2.153894786059038
CUST00288,19,46.8,54.9,15.0,60.0,43.98,Steady Regulars,Male,Sports,4,New & Curious,-0.6865847483050967,-1.317144491497339
CUST00114,59,82.7,94.8,27.0,17.0,166.94,High-Value Loyalists,Female,Sports,2,High-Value Loyalists,3.553612505946132,1.0856012743624908
CUST00482,50,83.1,33.5,2.0,156.0,97.83,At-Risk / Dormant,Female,Sports,0,At-Risk / Dormant,-0.6585649790831858,2.667955913181823
CUST00174,25,27.1,63.4,18.0,30.0,49.98,Steady Regulars,Female,Home & Living,4,New & Curious,-0.3462504555500158,-1.6614840115710514
CUST00058,39,101.2,79.1,25.0,12.0,132.82,High-Value Loyalists,Male,Beauty,2,High-Value Loyalists,2.790859729926534,0.2100557521369967
CUST00478,54,54.3,28.7,2.0,162.0,82.48,At-Risk / Dormant,Female,Home & Living,0,At-Risk / Dormant,-1.3616395167626654,2.5155992603299633
CUST00223,35,58.4,38.1,20.0,39.0,54.12,Steady Regulars,Female,Home & Living,1,Steady Regulars,-0.027214379688995344,-0.21216449642176682
CUST00281,28,57.1,57.7,15.0,22.0,56.65,Steady Regulars,Male,Electronics,1,Steady Regulars,0.060561462821068474,-0.9866403591876856
CUST00018,44,117.8,78.9,30.0,21.0,166.56,High-Value Loyalists,Male,Apparel,2,High-Value Loyalists,3.722487988073865,0.9713705370991363
CUST00358,29,40.6,33.7,5.0,90.0,38.59,Budget Browsers,Female,Apparel,3,Budget Browsers,-1.7876366633715128,-0.1513784634017107
CUST00256,32,48.2,44.7,8.0,32.0,56.38,Steady Regulars,Female,Beauty,1,Steady Regulars,-0.6967846283676679,-0.5042648957233282
CUST00365,24,42.5,28.8,2.0,106.0,48.04,Budget Browsers,Male,Apparel,3,Budget Browsers,-2.0873371132807623,-0.07056327776296709
CUST00623,18,48.3,76.8,10.0,10.0,28.54,New & Curious,Male,Electronics,4,New & Curious,-0.39822733972982743,-2.1920818058582623
CUST00191,21,43.8,46.1,14.0,44.0,60.36,Steady Regulars,Male,Apparel,4,New & Curious,-0.6419282392767723,-1.134032887056457
CUST00383,32,41.3,41.2,7.0,103.0,64.89,Budget Browsers,Female,Sports,3,Budget Browsers,-1.277316673501448,0.19085529385780267
CUST00571,21,68.0,64.7,7.0,3.0,39.0,New & Curious,Male,Electronics,4,New & Curious,-0.2459040264040187,-1.5247234504185696
CUST00328,25,21.5,29.9,1.0,112.0,34.07,Budget Browsers,Female,Home & Living,3,Budget Browsers,-2.6409154498018363,-0.34821665943554814
CUST00095,39,80.6,93.8,21.0,19.0,142.5,High-Value Loyalists,Male,Beauty,2,High-Value Loyalists,2.567113487366503,-0.1059890744911164
CUST00181,26,47.4,45.6,10.0,28.0,67.27,Steady Regulars,Male,Home & Living,1,Steady Regulars,-0.5459259785364826,-0.8474157649561064
CUST00302,30,54.4,27.4,5.0,89.0,37.65,Budget Browsers,Male,Home & Living,3,Budget Browsers,-1.6611107473884505,0.17174616247909558
CUST00443,46,77.2,13.0,1.0,155.0,88.51,At-Risk / Dormant,Male,Apparel,0,At-Risk / Dormant,-1.349403059990168,2.61521997847724
CUST00396,18,30.3,51.4,7.0,113.0,47.2,Budget Browsers,Male,Home & Living,3,Budget Browsers,-1.7618086203241587,-0.9191729988162789
CUST00537,49,72.3,15.6,4.0,158.0,105.11,At-Risk / Dormant,Female,Apparel,0,At-Risk / Dormant,-1.0120816091938423,2.7796820805809115
CUST00375,27,27.9,29.5,4.0,69.0,39.56,Budget Browsers,Female,Apparel,3,Budget Browsers,-2.0226363917544656,-0.5471784054373857
CUST00006,40,86.4,83.2,26.0,35.0,179.49,High-Value Loyalists,Male,Home & Living,2,High-Value Loyalists,3.0517667361110936,0.5328477878308703
CUST00046,36,99.6,84.3,30.0,9.0,155.8,High-Value Loyalists,Male,Apparel,2,High-Value Loyalists,3.3422418165637278,0.01097572076561147
CUST00353,21,29.4,38.9,11.0,100.0,33.99,Budget Browsers,Male,Beauty,3,Budget Browsers,-1.8056122416112004,-0.8453257133444212
CUST00642,21,26.9,60.4,12.0,16.0,53.74,New & Curious,Male,Electronics,4,New & Curious,-0.6642225069309392,-1.8625962996120076
CUST00457,29,74.2,30.7,2.0,156.0,71.44,At-Risk / Dormant,Male,Apparel,0,At-Risk / Dormant,-1.4976197201335901,1.2419913737938693
CUST00017,34,104.9,88.8,30.0,13.0,139.48,High-Value Loyalists,Male,Beauty,2,High-Value Loyalists,3.278473342643776,-0.1736109687367303
CUST00049,44,95.7,74.8,25.0,9.0,140.42,High-Value Loyalists,Male,Home & Living,2,High-Value Loyalists,2.805219364490012,0.5021273324179363
CUST00629,18,26.5,56.9,9.0,28.0,22.01,New & Curious,Male,Beauty,4,New & Curious,-1.3626839030752602,-2.053025160261841
CUST00594,25,40.8,50.5,9.0,22.0,24.42,New & Curious,Male,Sports,4,New & Curious,-1.0612651050881765,-1.4130810015337476
CUST00004,52,97.8,88.1,30.0,28.0,155.8,High-Value Loyalists,Male,Home & Living,2,High-Value Loyalists,3.5345094342224646,0.9898332972814254
CUST00391,25,42.1,38.8,3.0,83.0,34.79,Budget Browsers,Male,Electronics,3,Budget Browsers,-1.840356669680517,-0.494311652687012
CUST00361,22,38.7,44.7,10.0,91.0,36.14,Budget Browsers,Female,Apparel,3,Budget Browsers,-1.5014127921871872,-0.8062175999282939
CUST00317,41,31.9,53.0,4.0,104.0,43.27,Budget Browsers,Female,Sports,3,Budget Browsers,-1.4639343619658165,0.2775046744645385
CUST00284,34,47.2,63.6,22.0,46.0,55.45,Steady Regulars,Female,Sports,1,Steady Regulars,0.31652514170010465,-0.7589770980422872
CUST00435,45,62.1,20.1,5.0,153.0,90.62,At-Risk / Dormant,Male,Home & Living,0,At-Risk / Dormant,-1.238748447939191,2.188462403260927
CUST00286,41,44.6,44.9,9.0,23.0,35.76,Steady Regulars,Female,Apparel,1,Steady Regulars,-0.714876578633931,-0.30294574056340773
CUST00362,27,30.3,47.4,4.0,94.0,46.14,Budget Browsers,Male,Sports,3,Budget Browsers,-1.7369430070279712,-0.5057264547267003
CUST00226,18,52.4,45.9,15.0,16.0,55.17,Steady Regulars,Male,Apparel,4,New & Curious,-0.3824719700639193,-1.4908265429276302
CUST00027,33,95.2,93.6,30.0,1.0,129.09,High-Value Loyalists,Female,Apparel,2,High-Value Loyalists,3.1507247296895655,-0.6196032383915765
CUST00619,30,47.3,67.5,11.0,23.0,47.1,New & Curious,Male,Apparel,4,New & Curious,-0.21049706599022566,-1.1627457115432294
CUST00264,25,32.1,66.4,12.0,19.0,72.71,Steady Regulars,Male,Apparel,4,New & Curious,-0.21340583226608673,-1.4991730829892116
CUST00051,44,99.3,85.1,31.0,34.0,154.07,High-Value Loyalists,Female,Beauty,2,High-Value Loyalists,3.366577026037776,0.6441208105351027
CUST00230,35,60.6,57.4,12.0,1.0,53.53,Steady Regulars,Male,Home & Living,1,Steady Regulars,0.16818909971535084,-0.725187282228796
CUST00038,28,94.1,78.8,25.0,13.0,146.89,High-Value Loyalists,Male,Beauty,2,High-Value Loyalists,2.6273645911311423,-0.38088404913646945
CUST00158,35,29.1,55.8,14.0,40.0,84.37,Steady Regulars,Female,Apparel,1,Steady Regulars,-0.18753310438363618,-0.5756692288701756
CUST00238,36,38.9,49.0,19.0,39.0,63.02,Steady Regulars,Female,Apparel,1,Steady Regulars,-0.09116487985609506,-0.511767765613447
CUST00624,24,40.8,57.2,7.0,30.0,22.85,New & Curious,Male,Apparel,4,New & Curious,-1.1277253965200456,-1.4792761030987756
CUST00176,19,34.6,58.4,10.0,46.0,76.2,Steady Regulars,Male,Apparel,4,New & Curious,-0.656411172953404,-1.371530879610131
CUST00547,26,42.9,63.9,7.0,50.0,42.53,New & Curious,Male,Apparel,4,New & Curious,-0.847026761455636,-1.1155965730731914
CUST00418,33,24.4,46.1,4.0,84.0,8.0,Budget Browsers,Female,Home & Living,3,Budget Browsers,-2.1078064899868147,-0.5987322614731719
CUST00195,42,52.6,56.1,18.0,33.0,44.06,Steady Regulars,Female,Apparel,1,Steady Regulars,0.14794319276920256,-0.27769039495475983
CUST00549,24,47.5,63.5,7.0,35.0,30.1,New & Curious,Male,Home & Living,4,New & Curious,-0.8529107950073032,-1.3852247342390611
CUST00588,21,59.9,67.4,8.0,33.0,50.7,New & Curious,Male,Apparel,4,New & Curious,-0.3372787537121078,-1.3269221310305876
CUST00628,18,26.7,82.7,3.0,36.0,48.65,New & Curious,Other,Sports,4,New & Curious,-0.9653756625059811,-2.096718082471
CUST00555,25,33.5,60.8,9.0,30.0,31.61,New & Curious,Female,Electronics,4,New & Curious,-0.9649775564893834,-1.543227351903721
CUST00068,49,92.2,82.1,25.0,30.0,153.34,High-Value Loyalists,Female,Beauty,2,High-Value Loyalists,2.9751959511630255,0.9073852695401167
CUST00384,28,42.7,23.6,4.0,79.0,23.5,Budget Browsers,Female,Electronics,3,Budget Browsers,-2.1035917027110194,-0.2209485366997637
CUST00169,26,54.5,60.2,13.0,24.0,53.6,Steady Regulars,Male,Apparel,4,New & Curious,-0.12217718550786986,-1.1464045281271409
CUST00389,25,32.7,19.5,0.0,74.0,35.38,Budget Browsers,Male,Home & Living,3,Budget Browsers,-2.4496441499837585,-0.369492034850642
CUST00163,31,53.9,52.0,13.0,33.0,73.25,Steady Regulars,Male,Sports,1,Steady Regulars,-0.04230648007910938,-0.5309886497272027
CUST00310,35,34.8,22.6,0.0,101.0,17.78,Budget Browsers,Male,Electronics,3,Budget Browsers,-2.5463023593682403,0.29177432093238365
CUST00194,29,72.9,62.1,11.0,35.0,66.79,Steady Regulars,Male,Sports,1,Steady Regulars,0.23746688152919923,-0.5351330913764357
CUST00415,35,39.2,35.2,1.0,95.0,33.12,Budget Browsers,Male,Apparel,3,Budget Browsers,-1.9849855395197653,0.2001313666147386
CUST00366,19,30.6,31.8,6.0,102.0,48.31,Budget Browsers,Female,Sports,3,Budget Browsers,-2.0739129518208683,-0.6441356840701913
CUST00430,40,80.8,23.0,4.0,154.0,83.83,At-Risk / Dormant,Female,Electronics,0,At-Risk / Dormant,-1.0913244369763468,2.098430650323309
CUST00153,30,60.9,67.2,14.0,32.0,50.31,Steady Regulars,Male,Electronics,1,Steady Regulars,0.14880594218340967,-0.9063245334370483
CUST00557,18,35.7,77.8,7.0,13.0,45.52,New & Curious,Male,Beauty,4,New & Curious,-0.5842821137562954,-2.1904334510904575
CUST00404,32,45.3,25.0,0.0,101.0,25.82,Budget Browsers,Male,Home & Living,3,Budget Browsers,-2.2911790601365887,0.290047210562951
CUST00227,26,76.8,74.7,10.0,41.0,78.26,Steady Regulars,Male,Home & Living,1,Steady Regulars,0.5172508474774558,-0.6877210946892132
CUST00538,54,60.9,18.3,0.0,151.0,71.18,At-Risk / Dormant,Male,Sports,0,At-Risk / Dormant,-1.6036447353535337,2.607618950984157
CUST00564,31,63.7,67.4,5.0,10.0,46.47,New & Curious,Male,Apparel,4,New & Curious,-0.16810860095893673,-0.9267464568919096
CUST00104,36,107.4,82.5,29.0,1.0,157.84,High-Value Loyalists,Female,Apparel,2,High-Value Loyalists,3.4572776644096654,0.0980725967888578
CUST00470,46,77.3,19.5,6.0,174.0,83.76,At-Risk / Dormant,Female,Electronics,0,At-Risk / Dormant,-1.1310337711009648,2.594160472056936
CUST00075,23,89.3,100.0,26.0,1.0,133.32,High-Value Loyalists,Male,Sports,2,High-Value Loyalists,2.834502470472003,-1.2654313765605225
CUST00508,32,86.1,16.6,1.0,175.0,102.45,At-Risk / Dormant,Female,Electronics,0,At-Risk / Dormant,-1.3446308648138596,2.1943252520123835
CUST00627,22,48.9,74.9,9.0,8.0,59.25,New & Curious,Male,Electronics,4,New & Curious,-0.06483764784270223,-1.7217309440343136
CUST00120,47,96.6,82.7,27.0,11.0,170.15,High-Value Loyalists,Female,Electronics,2,High-Value Loyalists,3.431448414361665,0.762693619923346
CUST00466,45,73.8,7.2,4.0,135.0,63.72,At-Risk / Dormant,Female,Beauty,0,At-Risk / Dormant,-1.5138429101540662,2.1986372259849563
CUST00569,24,48.1,58.8,10.0,25.0,39.03,New & Curious,Female,Electronics,4,New & Curious,-0.6114074379294411,-1.376402003191421
CUST00612,26,41.1,86.6,8.0,24.0,33.16,New & Curious,Other,Electronics,4,New & Curious,-0.34585685725200294,-1.8066196218655888
CUST00208,33,24.0,52.5,17.0,43.0,79.76,Steady Regulars,Male,Sports,1,Steady Regulars,-0.27565312099441847,-0.7509851576932995
CUST00399,32,25.7,31.7,4.0,82.0,46.86,Budget Browsers,Female,Apparel,3,Budget Browsers,-1.9360694966902288,-0.16136352454866795
CUST00423,50,59.8,34.0,1.0,155.0,97.37,At-Risk / Dormant,Female,Beauty,0,At-Risk / Dormant,-1.089027816108149,2.343160792845613
CUST00409,28,27.3,9.4,4.0,90.0,14.73,Budget Browsers,Male,Home & Living,3,Budget Browsers,-2.784204068288047,-0.17557002295465235
CUST00486,43,82.5,42.0,0.0,164.0,109.96,At-Risk / Dormant,Male,Apparel,0,At-Risk / Dormant,-0.6551273880724261,2.3319666396456067
CUST00009,38,80.7,87.5,26.0,1.0,127.12,High-Value Loyalists,Female,Apparel,2,High-Value Loyalists,2.6473768087043146,-0.40890168490678425
CUST00597,34,50.2,60.0,6.0,15.0,61.36,New & Curious,Female,Apparel,1,Steady Regulars,-0.29531094863849816,-0.6946207303151437
CUST00037,43,100.7,73.7,26.0,22.0,152.51,High-Value Loyalists,Male,Home & Living,2,High-Value Loyalists,2.9545271491422653,0.7252799252466876
CUST00140,33,87.5,81.4,25.0,24.0,156.63,High-Value Loyalists,Female,Apparel,2,High-Value Loyalists,2.6868357645371734,-0.06258232691804493
CUST00254,25,49.5,67.6,11.0,46.0,76.65,Steady Regulars,Male,Beauty,4,New & Curious,-0.07976544957695691,-0.9864062387885643
CUST00304,18,27.9,25.6,6.0,95.0,30.93,Budget Browsers,Female,Apparel,3,Budget Browsers,-2.3942305684696676,-0.8307529744253197
CUST00542,43,37.9,87.0,13.0,15.0,38.81,New & Curious,Male,Apparel,1,Steady Regulars,0.2779903757170623,-1.0289369716690109
CUST00469,54,79.1,34.2,8.0,165.0,88.55,At-Risk / Dormant,Male,Electronics,0,At-Risk / Dormant,-0.4814679293656929,2.7608038975015687
CUST00369,24,48.5,33.6,4.0,95.0,45.25,Budget Browsers,Female,Sports,3,Budget Browsers,-1.7546612550481397,-0.21080182268237885
CUST00060,48,141.2,73.7,26.0,10.0,126.58,High-Value Loyalists,Female,Home & Living,2,High-Value Loyalists,3.5070510224468836,1.258749874835972
CUST00112,41,94.3,70.8,34.0,11.0,117.26,High-Value Loyalists,Male,Sports,2,High-Value Loyalists,2.874004477885955,0.11085650332785245
CUST00424,45,62.2,18.7,4.0,183.0,84.63,At-Risk / Dormant,Male,Electronics,0,At-Risk / Dormant,-1.5666865785394202,2.462041316691188
CUST00649,27,42.2,70.2,13.0,22.0,51.44,New & Curious,Male,Beauty,4,New & Curious,-0.13675878892498167,-1.4445997338436698
CUST00427,50,65.6,24.7,1.0,166.0,61.36,At-Risk / Dormant,Male,Beauty,0,At-Risk / Dormant,-1.6209019814001442,2.410765760204084
CUST00263,44,40.3,57.9,17.0,39.0,27.41,Steady Regulars,Female,Electronics,1,Steady Regulars,-0.2600613202607515,-0.4109135616710761
CUST00543,18,47.1,69.6,10.0,22.0,48.86,New & Curious,Male,Electronics,4,New & Curious,-0.40565061158902516,-1.8434337660888938
CUST00298,29,32.5,26.8,10.0,99.0,19.94,Budget Browsers,Male,Apparel,3,Budget Browsers,-2.040624788895731,-0.2731663345368739
CUST00151,32,68.2,59.8,14.0,33.0,57.26,Steady Regulars,Female,Apparel,1,Steady Regulars,0.23662835031200502,-0.5254889751527313
CUST00267,25,39.7,67.2,13.0,16.0,64.98,Steady Regulars,Female,Beauty,4,New & Curious,-0.08391161112612211,-1.5037980074775035
CUST00591,32,47.9,80.2,5.0,30.0,35.79,New & Curious,Female,Home & Living,4,New & Curious,-0.4177290824215045,-1.1702416819661128
CUST00360,32,36.2,44.3,6.0,105.0,42.08,Budget Browsers,Male,Beauty,3,Budget Browsers,-1.6170812967936126,-0.055188260480144906
CUST00574,28,54.3,62.6,9.0,1.0,47.74,New & Curious,Female,Beauty,4,New & Curious,-0.18118154396952174,-1.2771055319371571
CUST00039,32,84.8,86.1,33.0,1.0,138.95,High-Value Loyalists,Male,Electronics,2,High-Value Loyalists,3.088843422677806,-0.6738873818964856
CUST00128,38,87.8,88.9,30.0,16.0,143.36,High-Value Loyalists,Female,Electronics,2,High-Value Loyalists,3.086606121967577,-0.13219939680975845
CUST00417,33,34.7,23.2,8.0,92.0,36.29,Budget Browsers,Male,Electronics,3,Budget Browsers,-1.8892547680306253,0.10990521201867968
CUST00308,32,40.1,15.0,3.0,81.0,47.45,Budget Browsers,Male,Beauty,3,Budget Browsers,-2.0446260021438523,0.2966513311670623
CUST00199,29,44.9,67.6,13.0,36.0,77.81,Steady Regulars,Male,Sports,1,Steady Regulars,0.09211735978862853,-0.9404042017822759
CUST00352,25,41.0,33.6,6.0,104.0,22.52,Budget Browsers,Female,Electronics,3,Budget Browsers,-2.057444318083263,-0.3620736983228159
CUST00596,18,15.0,72.8,6.0,19.0,57.42,New & Curious,Female,Electronics,4,New & Curious,-0.9826323427050053,-2.2435047758959246
CUST00147,33,105.8,85.7,27.0,14.0,137.49,High-Value Loyalists,Male,Home & Living,2,High-Value Loyalists,3.0321604672293456,-0.13381026235647003
CUST00602,18,37.2,43.1,7.0,26.0,52.4,New & Curious,Female,Apparel,4,New & Curious,-1.2045337910636729,-1.4741473589979477
CUST00507,43,82.1,19.1,4.0,159.0,78.41,At-Risk / Dormant,Female,Apparel,0,At-Risk / Dormant,-1.1804149362336607,2.349222841413022
CUST00420,23,26.1,42.2,6.0,107.0,22.23,Budget Browsers,Female,Electronics,3,Budget Browsers,-2.202474825849056,-0.7803521308814622
CUST00576,32,35.2,87.4,7.0,18.0,62.58,New & Curious,Female,Home & Living,4,New & Curious,-0.026299892640630856,-1.4019284577200952
CUST00148,32,98.7,72.6,25.0,3.0,142.2,High-Value Loyalists,Female,Sports,2,High-Value Loyalists,2.6685437293240923,-0.1297431432089472
CUST00613,37,47.1,67.0,6.0,35.0,44.89,New & Curious,Female,Apparel,1,Steady Regulars,-0.46921151150864865,-0.6073863826040631
CUST00349,33,48.2,37.6,4.0,88.0,23.24,Budget Browsers,Female,Home & Living,3,Budget Browsers,-1.7284928113794025,0.00032859955300310425
CUST00326,18,40.4,62.6,2.0,101.0,42.71,Budget Browsers,Female,Home & Living,3,Budget Browsers,-1.6277194793018501,-1.02717257352915
CUST00471,48,57.8,23.8,6.0,144.0,75.81,At-Risk / Dormant,Female,Sports,0,At-Risk / Dormant,-1.2425267966407956,2.0369621107397804
CUST00124,32,95.1,91.7,27.0,21.0,129.04,High-Value Loyalists,Female,Electronics,2,High-Value Loyalists,2.8130826911964735,-0.420605978015689
CUST00548,18,16.5,69.3,7.0,23.0,48.18,New & Curious,Male,Apparel,4,New & Curious,-1.093504080668139,-2.2116514782396623
CUST00097,44,89.3,64.9,30.0,16.0,144.34,High-Value Loyalists,Female,Apparel,2,High-Value Loyalists,2.781459985422776,0.5902575492015215
CUST00144,43,105.2,81.1,29.0,12.0,157.54,High-Value Loyalists,Female,Sports,2,High-Value Loyalists,3.441604875077105,0.5763888589890974
CUST00240,30,51.9,70.4,13.0,50.0,56.12,Steady Regulars,Female,Home & Living,1,Steady Regulars,-0.04402004436646378,-0.8550614731251152
CUST00395,27,34.8,23.1,1.0,87.0,16.15,Budget Browsers,Male,Electronics,3,Budget Browsers,-2.5497250715601334,-0.31335939682362346
CUST00454,50,63.5,15.7,5.0,148.0,84.38,At-Risk / Dormant,Female,Apparel,0,At-Risk / Dormant,-1.2485214858025975,2.4595422488318066
CUST00098,43,87.2,95.5,27.0,1.0,176.83,High-Value Loyalists,Male,Apparel,2,High-Value Loyalists,3.577368918667829,0.17349392196068053
CUST00372,26,50.1,41.0,7.0,100.0,70.46,Budget Browsers,Female,Electronics,3,Budget Browsers,-1.157067127278682,-0.005881530796625814
CUST00325,20,33.7,45.6,10.0,85.0,12.03,Budget Browsers,Female,Apparel,3,Budget Browsers,-1.8250261437952382,-1.225400505834707
CUST00280,22,58.2,62.7,14.0,36.0,87.57,Steady Regulars,Male,Apparel,1,Steady Regulars,0.26370239269796164,-1.0155524580727695
CUST00294,34,44.4,31.9,7.0,82.0,25.25,Budget Browsers,Male,Electronics,3,Budget Browsers,-1.6612746193504033,0.0077508526417971015
CUST00255,34,45.9,50.1,11.0,44.0,66.15,Steady Regulars,Other,Apparel,1,Steady Regulars,-0.41106428459838534,-0.3663724745811297
CUST00401,21,23.3,29.6,5.0,93.0,43.56,Budget Browsers,Male,Home & Living,3,Budget Browsers,-2.250886506675002,-0.704131304278638
CUST00123,51,109.0,79.5,29.0,1.0,119.31,High-Value Loyalists,Female,Beauty,2,High-Value Loyalists,3.265587200879227,0.7208715114987287
CUST00184,18,32.6,66.9,16.0,37.0,75.45,Steady Regulars,Female,Electronics,4,New & Curious,-0.18309619975614774,-1.7532391535942804
CUST00203,21,56.7,57.1,10.0,26.0,62.92,Steady Regulars,Male,Apparel,4,New & Curious,-0.2983877749630988,-1.2203195531036406
CUST00439,39,72.1,24.4,2.0,155.0,97.1,At-Risk / Dormant,Male,Electronics,0,At-Risk / Dormant,-1.1964632592258977,2.033574718570375
CUST00324,27,39.4,40.1,8.0,85.0,34.35,Budget Browsers,Male,Home & Living,3,Budget Browsers,-1.578677648458302,-0.4924380344637536
CUST00247,42,62.3,81.2,14.0,46.0,45.0,Steady Regulars,Male,Electronics,1,Steady Regulars,0.4882721609246216,-0.3435264875357942
CUST00416,18,47.8,40.5,6.0,86.0,39.92,Budget Browsers,Other,Beauty,3,Budget Browsers,-1.6358711624967655,-0.805072879570603
CUST00539,40,56.4,27.9,4.0,173.0,92.77,At-Risk / Dormant,Male,Home & Living,0,At-Risk / Dormant,-1.4282603575434263,1.9316539311076413
CUST00489,42,65.8,34.5,2.0,163.0,103.39,At-Risk / Dormant,Female,Home & Living,0,At-Risk / Dormant,-1.0463185509775617,2.0794343911109254
CUST00540,50,77.5,23.1,3.0,180.0,104.07,At-Risk / Dormant,Male,Beauty,0,At-Risk / Dormant,-0.9713600551585287,3.0037066270298114
CUST00494,48,53.2,22.3,8.0,180.0,80.74,At-Risk / Dormant,Male,Home & Living,0,At-Risk / Dormant,-1.4100994307194479,2.3406935436017515
CUST00573,29,44.6,73.0,15.0,23.0,44.33,New & Curious,Male,Electronics,4,New & Curious,0.011911591903194418,-1.411862327625932
CUST00468,52,51.6,16.7,4.0,156.0,92.37,At-Risk / Dormant,Female,Apparel,0,At-Risk / Dormant,-1.4108456803706115,2.53714340559055
CUST00126,57,100.5,95.7,21.0,10.0,166.92,High-Value Loyalists,Male,Home & Living,2,High-Value Loyalists,3.5564940781632997,1.2201742369763888
CUST00403,18,27.5,35.4,11.0,97.0,30.03,Budget Browsers,Female,Beauty,3,Budget Browsers,-1.9764806111525255,-1.0399869016524839
CUST00513,46,76.8,14.0,0.0,159.0,115.01,At-Risk / Dormant,Female,Sports,0,At-Risk / Dormant,-1.1294045561870663,2.8332030950456333
CUST00497,43,77.5,44.0,6.0,169.0,100.69,At-Risk / Dormant,Female,Electronics,0,At-Risk / Dormant,-0.5133318795200164,2.133279764278904
CUST00224,25,53.9,61.7,14.0,33.0,46.16,Steady Regulars,Female,Beauty,4,New & Curious,-0.20433688758909985,-1.2148073792069132
CUST00343,24,22.1,28.4,4.0,98.0,15.62,Budget Browsers,Female,Electronics,3,Budget Browsers,-2.628319851919181,-0.6744281511308559
CUST00054,46,107.6,80.4,30.0,1.0,133.07,High-Value Loyalists,Female,Apparel,2,High-Value Loyalists,3.37633650323881,0.49593356988429116
CUST00220,19,71.0,42.4,12.0,22.0,68.2,Steady Regulars,Male,Apparel,4,New & Curious,-0.1766401080315676,-0.9397452938043562
CUST00130,38,90.4,64.4,31.0,3.0,157.83,High-Value Loyalists,Female,Sports,2,High-Value Loyalists,2.968796647363451,0.24221974616173944
CUST00589,18,69.3,73.0,13.0,6.0,30.48,New & Curious,Male,Electronics,4,New & Curious,0.08659672482289384,-1.9118890673578088
CUST00474,47,68.4,21.8,6.0,151.0,101.64,At-Risk / Dormant,Female,Apparel,0,At-Risk / Dormant,-0.8842320114131811,2.4050947045396858
CUST00187,22,29.3,51.3,12.0,60.0,45.67,Steady Regulars,Male,Apparel,4,New & Curious,-1.1348162342992716,-1.28333251208679
CUST00592,18,48.8,59.2,10.0,10.0,34.35,New & Curious,Male,Home & Living,4,New & Curious,-0.6512365705184588,-1.8774234045537144
CUST00440,48,76.6,29.8,4.0,167.0,85.99,At-Risk / Dormant,Male,Beauty,0,At-Risk / Dormant,-0.95822847310633,2.5165203866435357
CUST00618,18,58.6,59.9,10.0,45.0,69.8,New & Curious,Male,Apparel,4,New & Curious,-0.3092648365041946,-1.1764653093091353
CUST00101,32,79.9,66.1,28.0,6.0,130.65,High-Value Loyalists,Female,Apparel,2,High-Value Loyalists,2.252332453772347,-0.38234333492409595
CUST00484,56,82.3,10.9,2.0,154.0,85.04,At-Risk / Dormant,Female,Apparel,0,At-Risk / Dormant,-1.112544188038798,3.2215708359080004
CUST00387,18,32.6,41.7,9.0,91.0,29.19,Budget Browsers,Female,Home & Living,3,Budget Browsers,-1.853931769524381,-1.1007125733899517
CUST00630,28,45.5,67.6,16.0,13.0,42.06,New & Curious,Female,Apparel,4,New & Curious,0.0012398633266199135,-1.4958952710317517
CUST00295,19,50.7,16.1,4.0,103.0,33.75,Budget Browsers,Male,Apparel,3,Budget Browsers,-2.298464018873091,-0.19860772778031624
CUST00268,26,75.0,55.1,19.0,49.0,62.86,Steady Regulars,Male,Electronics,1,Steady Regulars,0.3893834500589465,-0.5714255256485723
CUST00052,39,101.7,96.8,34.0,26.0,132.26,High-Value Loyalists,Female,Home & Living,2,High-Value Loyalists,3.511215245971579,-0.04626445372610167
CUST00442,39,59.3,18.5,2.0,154.0,58.09,At-Risk / Dormant,Male,Electronics,0,At-Risk / Dormant,-1.9332538453730626,1.662469192157734
CUST00558,18,44.1,46.9,6.0,24.0,15.47,New & Curious,Female,Beauty,4,New & Curious,-1.4594723110300953,-1.704312885363294
CUST00113,42,56.1,66.7,31.0,5.0,163.21,High-Value Loyalists,Male,Apparel,2,High-Value Loyalists,2.553651124002936,0.016742000492889982
CUST00180,29,52.2,75.5,13.0,50.0,72.79,Steady Regulars,Male,Electronics,1,Steady Regulars,0.21807021261489304,-0.8653600374285897
CUST00519,51,88.6,36.8,5.0,158.0,78.97,At-Risk / Dormant,Male,Apparel,0,At-Risk / Dormant,-0.5458835269295196,2.592778115281146
CUST00622,18,58.2,82.5,11.0,20.0,47.37,New & Curious,Female,Home & Living,4,New & Curious,0.06609306009161357,-1.9300592280749762
CUST00532,51,88.9,29.6,5.0,157.0,59.61,At-Risk / Dormant,Female,Beauty,0,At-Risk / Dormant,-0.8763931167287917,2.559464497095257
CUST00526,41,66.4,21.9,0.0,164.0,75.18,At-Risk / Dormant,Female,Beauty,0,At-Risk / Dormant,-1.7025590967193107,2.0597891607765817
CUST00374,21,27.2,12.0,4.0,89.0,14.28,Budget Browsers,Other,Beauty,3,Budget Browsers,-2.8547745378394005,-0.6154776455260961
CUST00315,24,33.9,4.8,1.0,89.0,50.26,Budget Browsers,Other,Apparel,3,Budget Browsers,-2.5962513819634925,0.04626424531685067
CUST00463,41,66.0,28.5,2.0,153.0,83.11,At-Risk / Dormant,Male,Apparel,0,At-Risk / Dormant,-1.3274343123278805,1.8808442618245331
CUST00152,27,42.5,71.9,16.0,20.0,80.62,Steady Regulars,Male,Beauty,1,Steady Regulars,0.38675771776739093,-1.3187199922542723
CUST00172,22,15.0,53.7,14.0,31.0,38.43,Steady Regulars,Male,Beauty,4,New & Curious,-1.1206243062238777,-1.8638741379351729
CUST00234,29,34.3,48.8,16.0,30.0,64.87,Steady Regulars,Male,Apparel,1,Steady Regulars,-0.3733885483242545,-0.988502929336924
CUST00307,25,25.3,32.4,0.0,103.0,15.51,Budget Browsers,Female,Apparel,3,Budget Browsers,-2.729569695645237,-0.5361744214770472
CUST00514,47,59.4,27.2,9.0,165.0,112.85,At-Risk / Dormant,Female,Home & Living,0,At-Risk / Dormant,-0.7405799827347147,2.3699027819565694
CUST00165,29,41.4,42.1,14.0,26.0,57.29,Steady Regulars,Female,Beauty,1,Steady Regulars,-0.5421396451519751,-0.854043275266649
CUST00318,24,54.2,47.4,4.0,92.0,40.11,Budget Browsers,Female,Home & Living,3,Budget Browsers,-1.4426362887615138,-0.4064739058404312
CUST00137,36,93.2,98.3,27.0,15.0,148.76,High-Value Loyalists,Male,Home & Living,2,High-Value Loyalists,3.2206855837111292,-0.24188304029151167
CUST00411,25,44.6,59.1,5.0,83.0,42.23,Budget Browsers,Male,Beauty,3,Budget Browsers,-1.2381672473229992,-0.7420664010602719
CUST00578,23,42.9,67.5,12.0,48.0,52.31,New & Curious,Female,Electronics,4,New & Curious,-0.44726205706202377,-1.3527813228206036
CUST00198,25,50.9,56.5,11.0,46.0,74.79,Steady Regulars,Male,Sports,1,Steady Regulars,-0.28095679542005925,-0.8122872707746405
CUST00359,18,48.0,49.2,3.0,103.0,42.5,Budget Browsers,Male,Beauty,3,Budget Browsers,-1.7094605934213505,-0.7167110216995386
CUST00259,37,67.1,47.0,13.0,16.0,58.01,Steady Regulars,Male,Electronics,1,Steady Regulars,0.12723429183827564,-0.2102029520898263
CUST00233,23,55.7,63.4,18.0,55.0,46.44,Steady Regulars,Female,Beauty,4,New & Curious,-0.09728877717404687,-1.1732470833757394
CUST00534,50,68.2,19.2,2.0,145.0,118.67,At-Risk / Dormant,Male,Electronics,0,At-Risk / Dormant,-0.876532961147918,2.726189819118786
CUST00116,44,80.0,74.5,27.0,25.0,134.18,High-Value Loyalists,Female,Apparel,2,High-Value Loyalists,2.4783380485148454,0.37035490454757536
CUST00121,47,112.3,100.0,28.0,16.0,137.35,High-Value Loyalists,Male,Electronics,2,High-Value Loyalists,3.679177473675927,0.5156895005127469
CUST00446,51,53.6,21.5,5.0,155.0,97.05,At-Risk / Dormant,Female,Beauty,0,At-Risk / Dormant,-1.196094217438634,2.446805346192564
CUST00283,32,49.3,71.9,15.0,40.0,59.71,Steady Regulars,Male,Apparel,1,Steady Regulars,0.18126081014651302,-0.8977265714065124
CUST00377,18,15.0,29.9,4.0,89.0,31.54,Budget Browsers,Female,Electronics,3,Budget Browsers,-2.592346741074681,-1.0966784561025908
CUST00385,21,41.7,45.4,3.0,110.0,26.76,Budget Browsers,Male,Electronics,3,Budget Browsers,-2.0470307182013356,-0.6256637812214106
CUST00225,26,49.8,70.3,13.0,29.0,84.23,Steady Regulars,Female,Electronics,1,Steady Regulars,0.2854674308420953,-1.0999349163372987
CUST00617,22,45.0,74.8,10.0,21.0,49.79,New & Curious,Male,Electronics,4,New & Curious,-0.26110062514070037,-1.7327061767217276
CUST00529,44,74.6,30.3,0.0,165.0,101.69,At-Risk / Dormant,Male,Electronics,0,At-Risk / Dormant,-1.0806690612255043,2.407339482643754
CUST00473,45,69.5,42.4,0.0,157.0,70.24,At-Risk / Dormant,Other,Electronics,0,At-Risk / Dormant,-1.2159769134123306,1.912125381759937
CUST00348,20,31.6,43.7,4.0,88.0,31.48,Budget Browsers,Male,Electronics,3,Budget Browsers,-2.0227320658955046,-0.9783991651425303
CUST00506,46,70.0,14.0,2.0,164.0,79.85,At-Risk / Dormant,Female,Electronics,0,At-Risk / Dormant,-1.5468898746406474,2.5108636452576283
CUST00640,35,37.0,55.0,10.0,19.0,57.74,New & Curious,Male,Sports,1,Steady Regulars,-0.44117752756945916,-0.786249594162789
CUST00600,30,66.6,45.8,7.0,4.0,23.5,New & Curious,Female,Electronics,1,Steady Regulars,-0.6389754477770946,-0.8608716029999148
CUST00550,18,30.2,65.8,6.0,18.0,29.76,New & Curious,Male,Sports,4,New & Curious,-1.151192994488738,-2.1352077533862577
CUST00086,38,102.6,83.5,28.0,21.0,143.51,High-Value Loyalists,Female,Beauty,2,High-Value Loyalists,3.0976356522167707,0.22644784834833254
CUST00243,28,67.4,47.1,15.0,24.0,73.07,Steady Regulars,Male,Electronics,1,Steady Regulars,0.2017210491489552,-0.5503948983260664
CUST00160,45,64.6,48.3,16.0,40.0,56.21,Steady Regulars,Male,Apparel,1,Steady Regulars,0.23603745976700155,0.34847108084119627
CUST00525,50,39.6,29.1,0.0,151.0,94.26,At-Risk / Dormant,Female,Beauty,0,At-Risk / Dormant,-1.5773787822926006,2.0957433212316454
CUST00036,33,103.6,80.5,24.0,1.0,156.21,High-Value Loyalists,Female,Electronics,2,High-Value Loyalists,3.022929101126937,-0.03318484334128791
CUST00171,37,57.3,59.3,14.0,44.0,61.7,Steady Regulars,Female,Home & Living,1,Steady Regulars,0.11022106614128256,-0.25648249830951847
CUST00552,25,21.8,67.2,13.0,30.0,21.0,New & Curious,Female,Home & Living,4,New & Curious,-0.943555887131829,-1.9291838153984489
CUST00544,30,42.9,78.2,10.0,35.0,41.39,New & Curious,Female,Beauty,4,New & Curious,-0.27593167944083413,-1.2999163994578318
CUST00611,18,34.7,83.0,8.0,13.0,38.22,New & Curious,Female,Apparel,4,New & Curious,-0.5308068114418645,-2.348112033208714
CUST00096,31,91.0,77.3,26.0,8.0,147.39,High-Value Loyalists,Male,Apparel,2,High-Value Loyalists,2.688384021586518,-0.2914132828722267
CUST00241,31,51.9,68.9,18.0,34.0,68.8,Steady Regulars,Female,Apparel,1,Steady Regulars,0.44741188054593173,-0.9041283433107374
CUST00461,40,78.1,26.8,1.0,167.0,80.9,At-Risk / Dormant,Male,Apparel,0,At-Risk / Dormant,-1.338123574619643,2.1450743498310483
CUST00587,20,48.1,71.2,6.0,26.0,63.56,New & Curious,Female,Beauty,4,New & Curious,-0.40465756502037836,-1.5480219925103058
CUST00207,32,48.9,74.8,12.0,53.0,62.53,Steady Regulars,Female,Apparel,1,Steady Regulars,0.018267303927262137,-0.7653018093270725
CUST00393,22,42.9,26.3,0.0,77.0,27.6,Budget Browsers,Female,Apparel,3,Budget Browsers,-2.3079622533097024,-0.526077290912989
CUST00398,19,46.4,41.4,2.0,75.0,30.8,Budget Browsers,Female,Beauty,3,Budget Browsers,-1.8689136298328453,-0.8957913472743549
CUST00545,21,34.9,69.8,5.0,27.0,45.12,New & Curious,Female,Beauty,4,New & Curious,-0.8917858585975101,-1.7596190116100812
CUST00218,42,35.4,50.3,19.0,54.0,52.43,Steady Regulars,Female,Home & Living,1,Steady Regulars,-0.23156026147486744,-0.18292695447375687
CUST00005,40,98.5,81.8,26.0,17.0,125.76,High-Value Loyalists,Female,Electronics,2,High-Value Loyalists,2.7584958834746613,0.1706314019525929
CUST00577,31,32.2,76.2,7.0,59.0,27.36,New & Curious,Male,Home & Living,4,New & Curious,-0.9338318883742841,-1.1954011234906432
CUST00099,42,116.2,80.9,29.0,23.0,130.43,High-Value Loyalists,Female,Sports,2,High-Value Loyalists,3.2430792223836162,0.5849429946034057
CUST00407,35,43.7,32.7,2.0,91.0,79.24,Budget Browsers,Female,Apparel,3,Budget Browsers,-1.3799781606996644,0.5753859513351884
CUST00503,43,57.3,39.8,1.0,136.0,93.33,At-Risk / Dormant,Female,Apparel,0,At-Risk / Dormant,-1.0678393073360422,1.628605955199412
CUST00048,49,96.8,67.9,27.0,11.0,150.22,High-Value Loyalists,Female,Beauty,2,High-Value Loyalists,2.980723389756402,0.9589236792442747
CUST00033,41,82.1,82.8,23.0,10.0,145.7,High-Value Loyalists,Male,Electronics,2,High-Value Loyalists,2.620029669731442,0.10328950129469605
CUST00201,28,47.1,52.4,13.0,21.0,68.69,Steady Regulars,Female,Apparel,1,Steady Regulars,-0.17359918467837246,-0.9398757343986831
CUST00135,35,120.6,97.0,29.0,24.0,150.23,High-Value Loyalists,Female,Home & Living,2,High-Value Loyalists,3.702309155424568,0.16407171767399653
CUST00028,44,112.4,89.9,29.0,10.0,136.29,High-Value Loyalists,Female,Apparel,2,High-Value Loyalists,3.523182823935249,0.4273764532860295
CUST00568,20,30.4,74.6,12.0,36.0,43.14,New & Curious,Male,Sports,4,New & Curious,-0.5998178094742931,-1.9736753834075738
CUST00231,35,61.3,63.6,11.0,35.0,66.06,Steady Regulars,Female,Sports,1,Steady Regulars,0.1654369694755538,-0.39002537976174617
CUST00490,47,88.8,21.3,0.0,168.0,117.44,At-Risk / Dormant,Male,Electronics,0,At-Risk / Dormant,-0.8079671246778917,3.042876094463338
CUST00379,25,47.7,30.5,11.0,103.0,14.92,Budget Browsers,Female,Home & Living,3,Budget Browsers,-1.8128779518676352,-0.35437195422074785
CUST00289,31,36.1,51.9,18.0,35.0,74.25,Steady Regulars,Female,Beauty,1,Steady Regulars,-0.0758477662620931,-0.8143447364510665
CUST00419,18,33.0,42.2,0.0,106.0,31.55,Budget Browsers,Male,Home & Living,3,Budget Browsers,-2.3844471298729895,-0.8245109017229019
CUST00392,18,15.0,26.0,7.0,79.0,24.65,Budget Browsers,Male,Home & Living,3,Budget Browsers,-2.5169758266476356,-1.2202575109953255
CUST00499,56,62.9,47.2,6.0,163.0,84.42,At-Risk / Dormant,Male,Electronics,0,At-Risk / Dormant,-0.6165296745252583,2.432206649912182
CUST00139,47,98.4,65.0,30.0,32.0,148.86,High-Value Loyalists,Male,Electronics,2,High-Value Loyalists,2.9350091679341563,1.0600138721601786
CUST00063,34,106.4,80.9,27.0,12.0,161.7,High-Value Loyalists,Male,Beauty,2,High-Value Loyalists,3.2445300392237795,0.15521331175863304
CUST00472,37,67.1,18.6,2.0,151.0,99.12,At-Risk / Dormant,Female,Apparel,0,At-Risk / Dormant,-1.3735998697541179,1.9197051881728004
CUST00129,42,95.8,92.6,24.0,6.0,139.75,High-Value Loyalists,Female,Electronics,2,High-Value Loyalists,3.0590443104471223,0.10410554395778215
CUST00633,34,43.7,71.5,10.0,11.0,17.34,New & Curious,Male,Home & Living,4,New & Curious,-0.429547597096321,-1.3608882921344823
CUST00521,52,75.0,19.7,4.0,152.0,74.25,At-Risk / Dormant,Male,Electronics,0,At-Risk / Dormant,-1.1371907153047034,2.6454905139803193
CUST00065,47,91.2,88.9,26.0,3.0,155.48,High-Value Loyalists,Female,Home & Living,2,High-Value Loyalists,3.29366938295673,0.4299487122342563
CUST00015,29,106.6,95.1,28.0,41.0,157.24,High-Value Loyalists,Female,Apparel,2,High-Value Loyalists,3.2502915782286723,-0.10788884036717951
CUST00157,20,55.8,48.2,11.0,55.0,61.84,Steady Regulars,Female,Home & Living,4,New & Curious,-0.6322854641867828,-0.9035630678807758
CUST00041,47,89.6,73.8,28.0,8.0,146.44,High-Value Loyalists,Other,Home & Living,2,High-Value Loyalists,2.966791510344345,0.5924645275321349
CUST00493,47,76.0,40.6,4.0,162.0,124.22,At-Risk / Dormant,Female,Apparel,0,At-Risk / Dormant,-0.34228779396444364,2.513672140620424
CUST00380,26,37.7,49.5,4.0,90.0,45.39,Budget Browsers,Male,Home & Living,3,Budget Browsers,-1.5753337161225873,-0.5343734645118576
CUST00188,34,42.9,60.8,15.0,50.0,66.35,Steady Regulars,Female,Beauty,1,Steady Regulars,-0.08612169883857586,-0.5661118463176219
CUST00217,25,55.4,58.3,18.0,58.0,45.01,Steady Regulars,Female,Electronics,1,Steady Regulars,-0.19648031801419558,-0.971744439898461
CUST00053,37,108.0,90.6,24.0,9.0,141.44,High-Value Loyalists,Male,Electronics,2,High-Value Loyalists,3.1405033438416,0.06479337656883458
CUST00338,20,27.5,34.9,6.0,93.0,47.39,Budget Browsers,Female,Electronics,3,Budget Browsers,-2.0057008473743374,-0.7686972980414748
CUST00296,27,51.7,37.1,3.0,109.0,13.26,Budget Browsers,Male,Apparel,3,Budget Browsers,-2.071856833217416,-0.13694893097062763
CUST00252,36,64.5,56.5,17.0,26.0,67.34,Steady Regulars,Other,Sports,1,Steady Regulars,0.49369173806047717,-0.339519946271645
CUST00462,48,66.4,51.9,5.0,162.0,96.84,At-Risk / Dormant,Female,Apparel,0,At-Risk / Dormant,-0.5196021785251501,2.059104674578107
CUST00456,51,46.4,16.5,9.0,165.0,65.53,At-Risk / Dormant,Male,Apparel,0,At-Risk / Dormant,-1.5975463851902334,2.2401772512070117
CUST00648,34,37.5,78.7,9.0,9.0,55.66,New & Curious,Male,Beauty,4,New & Curious,-0.027032076960411985,-1.2882772558671904
CUST00270,32,44.1,61.2,16.0,25.0,53.47,Steady Regulars,Female,Home & Living,1,Steady Regulars,-0.02352505830654117,-1.0042976080966965
CUST00202,32,47.6,44.3,19.0,33.0,64.89,Steady Regulars,Female,Electronics,1,Steady Regulars,-0.04306852297086282,-0.5854308763954255
CUST00162,31,52.7,44.7,18.0,28.0,36.55,Steady Regulars,Male,Sports,1,Steady Regulars,-0.2960625390406862,-0.8110224584627554
CUST00556,24,65.4,55.2,5.0,16.0,52.7,New & Curious,Female,Electronics,4,New & Curious,-0.4524800326672893,-1.0051888354233218
CUST00402,38,18.4,33.4,7.0,88.0,49.52,Budget Browsers,Other,Electronics,3,Budget Browsers,-1.7737956226366183,0.07888778742417553
CUST00477,58,83.0,29.8,1.0,153.0,68.0,At-Risk / Dormant,Other,Apparel,0,At-Risk / Dormant,-0.9501989787306664,2.938682755279119
CUST00106,44,89.2,88.2,27.0,19.0,131.44,High-Value Loyalists,Male,Apparel,2,High-Value Loyalists,2.89127213425064,0.21299959624743328
CUST00566,36,29.7,62.8,12.0,24.0,18.1,New & Curious,Male,Apparel,1,Steady Regulars,-0.7548701554513984,-1.2101068000212787
CUST00390,24,48.6,43.2,8.0,100.0,8.0,Budget Browsers,Female,Beauty,3,Budget Browsers,-1.7967141384750638,-0.6262184985186244
CUST00002,41,99.2,76.4,31.0,1.0,119.72,High-Value Loyalists,Female,Apparel,2,High-Value Loyalists,2.9875558390467827,0.05757814210321093
CUST00607,26,52.1,66.0,8.0,1.0,24.06,New & Curious,Female,Apparel,4,New & Curious,-0.497921068752688,-1.623388634798613
CUST00562,23,27.7,42.0,11.0,37.0,51.3,New & Curious,Male,Apparel,4,New & Curious,-1.1656843335844163,-1.2702443397314487
CUST00081,40,86.2,73.6,30.0,21.0,119.83,High-Value Loyalists,Female,Electronics,2,High-Value Loyalists,2.526853912986679,0.06817655500295068
CUST00206,37,47.0,74.4,13.0,34.0,55.57,Steady Regulars,Female,Electronics,1,Steady Regulars,0.15943485813731065,-0.7491355470699812
CUST00035,47,92.3,91.8,26.0,1.0,148.4,High-Value Loyalists,Male,Electronics,2,High-Value Loyalists,3.3012916106235437,0.33220394331027964
CUST00509,54,61.1,18.9,0.0,137.0,103.51,At-Risk / Dormant,Other,Electronics,0,At-Risk / Dormant,-1.1532976564880053,2.6996910766859217
CUST00428,52,53.1,29.5,7.0,141.0,109.77,At-Risk / Dormant,Female,Electronics,0,At-Risk / Dormant,-0.7096494200182067,2.306461101201199
CUST00455,41,57.9,24.7,5.0,161.0,74.42,At-Risk / Dormant,Female,Beauty,0,At-Risk / Dormant,-1.5159845523733422,1.8003536838385534
CUST00367,18,39.5,41.2,9.0,101.0,23.55,Budget Browsers,Female,Sports,3,Budget Browsers,-1.8712208209897558,-0.94557406819011
CUST00092,48,93.6,86.9,25.0,26.0,150.12,High-Value Loyalists,Male,Electronics,2,High-Value Loyalists,3.0600100116075373,0.7384033192238755
CUST00340,35,29.3,36.6,5.0,106.0,10.9,Budget Browsers,Male,Apparel,3,Budget Browsers,-2.219255973487116,-0.0651093289174737
CUST00565,27,21.8,57.9,13.0,18.0,26.03,New & Curious,Female,Apparel,4,New & Curious,-0.9523622184147501,-1.7541418140619611
CUST00346,20,24.0,26.8,10.0,100.0,38.95,Budget Browsers,Female,Apparel,3,Budget Browsers,-2.1347822278326083,-0.7423011245337481
CUST00242,18,53.1,64.1,16.0,33.0,52.88,Steady Regulars,Male,Electronics,4,New & Curious,-0.11256166833205386,-1.6281399033288058
CUST00014,28,85.2,90.1,29.0,1.0,138.56,High-Value Loyalists,Male,Apparel,2,High-Value Loyalists,2.884594308672888,-0.898667556330277
CUST00316,20,30.6,36.8,3.0,101.0,39.07,Budget Browsers,Male,Electronics,3,Budget Browsers,-2.218216686679428,-0.6989150066807354
CUST00601,25,33.9,73.0,11.0,11.0,37.13,New & Curious,Female,Home & Living,4,New & Curious,-0.4498796593458556,-1.8878198265374957
CUST00388,26,33.2,24.3,3.0,97.0,34.32,Budget Browsers,Male,Sports,3,Budget Browsers,-2.3304046252553428,-0.21360241408297173
CUST00274,44,28.3,50.4,10.0,36.0,69.23,Steady Regulars,Female,Beauty,1,Steady Regulars,-0.5000107742443275,-0.09821558670363388
CUST00167,34,47.7,57.8,12.0,34.0,64.48,Steady Regulars,Female,Apparel,1,Steady Regulars,-0.142183176022186,-0.5771172502182405
CUST00645,18,15.0,77.6,9.0,26.0,39.1,New & Curious,Female,Beauty,4,New & Curious,-0.9758697227949853,-2.4212602996794237
CUST00485,55,73.0,24.5,4.0,142.0,78.3,At-Risk / Dormant,Male,Apparel,0,At-Risk / Dormant,-0.9257432513067957,2.646539077910289
CUST00635,32,50.3,49.6,13.0,1.0,44.04,New & Curious,Female,Apparel,1,Steady Regulars,-0.2467361578162575,-0.9940957446551005
CUST00505,43,93.6,27.2,7.0,158.0,75.72,At-Risk / Dormant,Male,Electronics,0,At-Risk / Dormant,-0.7031358775562347,2.314585768633131
CUST00244,25,53.4,54.8,20.0,25.0,39.81,Steady Regulars,Male,Electronics,1,Steady Regulars,-0.039449906831630216,-1.3178149180661884
CUST00567,18,38.6,83.3,6.0,14.0,39.26,New & Curious,Male,Apparel,4,New & Curious,-0.561780069389874,-2.255677301577233
CUST00563,18,59.4,64.4,16.0,9.0,32.15,New & Curious,Male,Apparel,4,New & Curious,-0.07740176936399729,-1.9174818852824151
CUST00190,26,58.2,79.5,15.0,42.0,43.99,Steady Regulars,Male,Electronics,4,New & Curious,0.18585363752678385,-1.315469197020486
CUST00476,40,87.2,33.1,7.0,150.0,78.71,At-Risk / Dormant,Male,Electronics,0,At-Risk / Dormant,-0.6697325004313782,1.9186441777707786
CUST00511,52,84.8,19.5,0.0,138.0,107.75,At-Risk / Dormant,Male,Sports,0,At-Risk / Dormant,-0.7420552526965158,2.9431124607862205
CUST00059,44,101.2,85.2,28.0,14.0,158.84,High-Value Loyalists,Female,Sports,2,High-Value Loyalists,3.415856127232498,0.5562706620821494
CUST00475,66,74.0,43.3,6.0,181.0,74.97,At-Risk / Dormant,Female,Apparel,0,At-Risk / Dormant,-0.5485308319743789,3.2961878933812856
CUST00561,21,41.1,65.0,12.0,33.0,30.09,New & Curious,Female,Electronics,4,New & Curious,-0.7040510789637128,-1.7473427256974317
CUST00253,30,46.2,65.1,13.0,6.0,69.52,Steady Regulars,Male,Beauty,1,Steady Regulars,0.18095088875302717,-1.168205916999795
CUST00022,40,85.2,88.0,21.0,18.0,131.56,High-Value Loyalists,Male,Sports,2,High-Value Loyalists,2.4417535858903983,0.013088668935403865
CUST00314,18,33.7,21.9,6.0,83.0,21.24,Budget Browsers,Female,Apparel,3,Budget Browsers,-2.3961603452648057,-0.8761244765753788
CUST00460,54,66.8,28.0,7.0,158.0,94.7,At-Risk / Dormant,Male,Beauty,0,At-Risk / Dormant,-0.7436970371002776,2.678568201813419
CUST00161,27,40.5,59.1,19.0,49.0,55.62,Steady Regulars,Other,Beauty,1,Steady Regulars,-0.1723300852132622,-1.0991670152491553
CUST00277,30,64.6,58.3,12.0,37.0,51.96,Steady Regulars,Male,Beauty,1,Steady Regulars,-0.0731023169130168,-0.6355813393371952
CUST00192,36,43.8,61.1,16.0,28.0,81.18,Steady Regulars,Female,Home & Living,1,Steady Regulars,0.3178582371598699,-0.5616238872607343
CUST00386,28,36.1,34.2,9.0,98.0,47.89,Budget Browsers,Male,Electronics,3,Budget Browsers,-1.6064487636189475,-0.18914949263971995
CUST00414,18,43.5,32.4,5.0,94.0,31.18,Budget Browsers,Male,Apparel,3,Budget Browsers,-2.0537650700648054,-0.7148219843693928
CUST00492,44,88.4,15.8,5.0,180.0,100.68,At-Risk / Dormant,Female,Beauty,0,At-Risk / Dormant,-0.9558549815078811,2.880699400421731
CUST00344,30,37.9,32.0,9.0,101.0,45.35,Budget Browsers,Female,Beauty,3,Budget Browsers,-1.6292879553375672,-0.010776844477294115
CUST00309,37,29.3,41.4,5.0,103.0,47.17,Budget Browsers,Female,Electronics,3,Budget Browsers,-1.6867581310394117,0.20161687911237688
CUST00131,31,96.4,70.2,29.0,14.0,177.9,High-Value Loyalists,Female,Beauty,2,High-Value Loyalists,3.0995063325193217,0.1215067933345766
CUST00100,40,99.9,94.4,26.0,10.0,132.04,High-Value Loyalists,Male,Apparel,2,High-Value Loyalists,3.1250183765445017,-0.021982650189558986
CUST00373,24,24.1,20.6,8.0,101.0,23.21,Budget Browsers,Female,Beauty,3,Budget Browsers,-2.4624269475190737,-0.5012267880862137
CUST00088,44,97.2,100.0,27.0,8.0,125.02,High-Value Loyalists,Male,Sports,2,High-Value Loyalists,3.2404881809902433,-0.004681097524944653
CUST00459,50,71.1,21.4,3.0,148.0,109.93,At-Risk / Dormant,Female,Beauty,0,At-Risk / Dormant,-0.8475530553488596,2.68500726625081
CUST00331,18,55.8,28.1,8.0,108.0,43.47,Budget Browsers,Other,Electronics,3,Budget Browsers,-1.7226551848302432,-0.30455709757022786
CUST00215,29,61.3,51.5,16.0,31.0,79.45,Steady Regulars,Female,Electronics,1,Steady Regulars,0.27686756787617484,-0.5481141356224196
CUST00467,41,75.6,24.2,3.0,174.0,84.15,At-Risk / Dormant,Female,Apparel,0,At-Risk / Dormant,-1.3125708619688803,2.2668795352432127
CUST00122,35,77.8,99.6,33.0,1.0,128.03,High-Value Loyalists,Male,Apparel,2,High-Value Loyalists,3.1536295406444306,-0.8856845062370268
CUST00615,20,20.7,89.0,7.0,12.0,39.42,New & Curious,Male,Beauty,4,New & Curious,-0.6535727128105936,-2.507028995407067
CUST00021,52,84.3,83.0,27.0,3.0,150.62,High-Value Loyalists,Female,Electronics,2,High-Value Loyalists,3.1553071247457516,0.6533431709245678
CUST00072,52,72.6,87.0,30.0,1.0,161.14,High-Value Loyalists,Female,Apparel,2,High-Value Loyalists,3.3199528458384022,0.4483135407753613
CUST00107,55,110.2,71.3,27.0,1.0,127.51,High-Value Loyalists,Female,Sports,2,High-Value Loyalists,3.1842030245375037,1.1675575515245529
CUST00271,33,18.0,51.3,16.0,37.0,67.7,Steady Regulars,Female,Electronics,1,Steady Regulars,-0.5438806085987882,-0.9426473734719079
CUST00436,45,80.3,22.2,15.0,172.0,96.65,At-Risk / Dormant,Male,Electronics,0,At-Risk / Dormant,-0.4177327441908042,2.490017028919436
CUST00103,39,120.5,82.1,32.0,4.0,130.44,High-Value Loyalists,Female,Home & Living,2,High-Value Loyalists,3.563589020234236,0.24201619124636262
